,CURRENT|6
928,0.0
929,0.0
930,0.0
931,0.0
932,0.0
933,0.0
934,0.0
935,0.0
936,0.0
937,0.0
938,0.0
939,0.0
940,0.0
941,0.0
942,0.0
943,0.0
944,0.0
945,0.0
946,0.0
947,0.0
948,0.0
949,0.0
950,0.0
951,0.0
952,0.0
953,0.0
954,0.0
955,0.0
956,0.0
957,0.0
958,0.0
959,0.0
960,0.0
961,0.0
962,0.0
963,0.0
964,0.0
965,0.0
966,0.0
967,0.0
968,0.0
969,0.0
970,0.0
971,0.0
972,0.0
973,0.0
974,0.0
975,0.0
976,0.0
977,0.0
978,0.0
979,0.0
980,0.0
981,0.0
982,0.0
983,0.0
984,0.0
985,0.0
986,0.0
987,0.0
988,0.0
989,0.0
990,0.0
991,0.0
992,0.0
993,0.0
994,0.0
995,0.0
996,0.0
997,0.0
998,0.0
999,0.0
1000,0.0
1001,0.0
1002,0.0
1003,0.0
1004,0.0
1005,0.0
1006,0.0
1007,0.0
1008,0.0
1009,0.0
1010,0.0
1011,0.0
1012,0.0
1013,0.0
1014,0.0
1015,0.0
1016,0.0
1017,0.0
1018,0.0
1019,0.0
1020,0.0
1021,0.0
1022,0.0
1023,0.0
1024,0.0
1025,0.0
1026,0.0
1027,0.0
1028,0.0
1029,0.0
1030,0.0
1031,0.0
1032,0.0
1033,0.0
1034,0.0
1035,0.0
1036,0.0
1037,0.0
1038,0.0
1039,0.0
1040,0.0
1041,0.0
1042,0.0
1043,0.0
1044,0.0
1045,0.0
1046,0.0
1047,0.0
1048,0.0
1049,0.0
1050,0.0
1051,0.0
1052,0.0
1053,0.0
1054,0.0
1055,0.0
1056,0.0
1057,0.0
1058,0.0
1059,0.0
1060,0.0
1061,0.0
1062,0.0
1063,0.0
1064,0.0
4207,0.984375
4208,0.953613
4209,0.95874
4210,0.938232
4211,0.933105
4212,0.897217
4213,0.876709
4214,0.907471
4215,0.897217
4216,0.902344
4217,0.902344
4218,0.907471
4219,0.938232
4220,0.917725
4221,0.89209
4222,0.89209
4223,0.876709
4224,0.881836
4225,0.845947
4226,0.835693
4227,0.856201
4228,0.861328
4229,0.876709
4230,0.881836
4231,0.897217
4232,0.943359
4233,0.933105
4234,0.917725
4235,0.922852
4236,0.912598
4237,0.922852
4238,0.897217
4239,0.886963
4240,0.902344
4241,0.912598
4242,0.922852
4243,0.927979
4244,0.943359
4245,0.999756
4246,0.989502
4247,0.984375
4248,0.984375
4249,0.979248
4250,0.994629
4251,0.963867
4252,0.953613
4253,0.95874
4254,0.95874
4255,0.968994
4256,0.968994
4257,0.979248
4258,1.020264
4259,1.01001
4260,1.01001
4261,1.01001
4262,0.994629
4263,1.020264
4264,0.994629
4265,0.984375
4266,0.984375
4267,0.984375
4268,0.994629
4269,0.989502
4270,0.999756
4271,1.040771
4272,1.025391
4273,1.030518
4274,1.020264
4275,1.004883
4276,1.035645
4277,0.999756
4278,0.999756
4279,0.994629
4280,1.004883
4281,1.015137
4282,1.015137
4283,1.025391
4284,1.056152
4285,1.045898
4286,1.056152
4287,1.040771
4288,1.030518
4289,1.051025
4290,1.015137
4291,1.020264
4292,0.999756
4293,1.01001
4294,1.025391
4295,1.020264
4296,1.035645
4297,1.061279
4298,1.056152
4299,1.066406
4300,1.051025
4301,1.040771
4302,1.061279
4303,1.020264
4304,1.025391
4305,1.01001
4306,1.015137
4307,1.030518
4308,1.025391
4309,1.040771
4310,1.056152
4311,1.061279
4312,1.07666
4313,1.061279
4314,1.045898
4315,1.061279
4316,1.030518
4317,1.040771
4318,1.020264
4319,1.025391
4320,1.045898
4321,1.035645
4322,1.051025
4323,1.066406
4324,1.071533
4325,1.081787
4326,1.061279
4327,1.056152
4328,1.071533
4329,1.030518
4330,1.040771
4331,1.025391
4332,1.030518
4333,1.051025
4334,1.040771
4335,1.061279
4336,1.071533
4337,1.07666
4338,1.097168
4339,1.07666
4340,1.071533
4341,1.081787
4342,1.045898
4343,1.056152
4344,1.035645
4345,1.040771
4346,1.056152
4347,1.040771
4348,1.066406
4349,1.071533
4350,1.081787
4351,1.102295
4352,1.07666
4353,1.081787
4354,1.081787
4355,1.051025
4356,1.066406
4357,1.040771
4358,1.045898
4359,1.056152
4360,1.045898
4361,1.07666
4362,1.081787
4363,1.092041
4364,1.107422
4365,1.07666
4366,1.081787
4367,1.086914
4368,1.056152
4369,1.07666
4370,1.051025
5622,1.148438
5623,1.163818
5624,1.174072
5625,1.168945
5626,1.199707
5627,1.199707
5628,1.225342
5629,1.225342
5630,1.184326
5631,1.215088
5632,1.199707
5633,1.174072
5634,1.174072
5635,1.143311
5636,1.138184
5637,1.133057
5638,1.117676
5639,1.12793
5640,1.107422
5641,1.117676
5642,1.092041
5643,1.045898
5644,1.051025
5645,1.025391
5646,0.999756
5647,0.994629
5648,0.95874
5649,0.968994
5650,0.968994
5651,0.994629
5652,2.184082
5653,4.414307
5654,7.070068
5655,9.751465
5656,12.325195
5657,14.806641
5658,17.093262
5659,19.179932
6162,1.204834
6163,1.184326
6164,1.189453
6165,1.168945
6166,1.174072
6167,1.199707
6168,1.189453
6169,1.209961
6170,1.24585
6171,1.24585
6172,1.209961
6173,1.220215
6174,1.209961
6175,1.184326
6176,1.189453
6177,1.174072
6178,1.174072
6179,1.199707
6180,1.184326
6181,1.209961
6182,1.24585
6183,1.24585
6184,1.209961
6185,1.220215
6186,1.209961
6187,1.184326
6188,1.189453
6189,1.174072
6190,1.168945
6191,1.19458
6192,1.184326
6193,1.204834
6194,1.240723
6195,1.240723
6196,1.204834
6197,1.220215
6198,1.204834
6199,1.184326
6200,1.184326
6201,1.168945
6202,1.174072
6203,1.19458
6204,1.179199
6205,1.204834
6206,1.240723
6207,1.240723
6208,1.204834
6209,1.220215
6210,1.204834
6211,1.179199
6212,1.184326
6213,1.168945
6214,1.168945
6215,1.189453
6216,1.184326
6217,1.204834
6218,1.240723
6219,1.240723
6220,1.204834
6221,1.215088
6222,1.204834
6223,1.179199
6224,1.184326
6225,1.174072
6226,1.174072
6227,1.19458
6228,1.184326
6229,1.204834
6230,1.24585
6231,1.235596
6232,1.204834
6233,1.220215
6234,1.204834
6235,1.179199
6236,1.184326
6237,1.174072
6238,1.174072
6239,1.189453
6240,1.184326
6241,1.204834
6242,1.24585
6243,1.240723
6244,1.204834
6245,1.220215
6246,1.204834
6247,1.184326
6248,1.184326
6249,1.168945
6250,1.174072
6251,1.189453
6252,1.179199
6253,1.204834
6254,1.24585
6255,1.240723
6256,1.204834
6257,1.220215
6258,1.204834
6259,1.179199
6260,1.184326
6261,1.168945
6262,1.174072
6263,1.189453
6264,1.179199
6265,1.199707
6266,1.240723
6267,1.240723
6268,1.204834
6269,1.220215
6270,1.204834
6271,1.179199
6272,1.184326
6273,1.163818
6274,1.168945
6275,1.189453
6276,1.179199
6277,1.199707
6278,1.24585
6279,1.240723
6280,1.204834
6281,1.215088
6282,1.204834
6283,1.184326
6284,1.184326
6285,1.168945
6286,1.168945
6287,1.189453
6288,1.179199
6289,1.204834
6290,1.24585
6291,1.240723
6292,1.204834
6293,1.220215
6294,1.204834
6295,1.184326
6296,1.189453
6297,1.174072
6298,1.174072
6299,1.19458
6300,1.184326
6301,1.204834
6302,1.240723
6303,1.240723
6304,1.204834
6305,1.220215
6306,1.204834
6307,1.179199
6308,1.189453
6309,1.168945
6310,1.168945
6311,1.19458
6312,1.184326
6313,1.204834
6314,1.24585
6315,1.240723
6316,1.209961
6317,1.220215
6318,1.204834
6319,1.184326
6320,1.184326
6321,1.168945
6322,1.168945
6323,1.19458
6324,1.184326
6325,1.204834
6326,1.24585
6327,1.24585
6328,1.209961
6329,1.220215
6330,1.204834
6331,1.184326
6332,1.189453
6333,1.168945
6334,1.168945
6335,1.19458
6336,1.184326
6337,1.204834
6338,1.240723
6339,1.240723
6340,1.204834
6341,1.220215
6342,1.204834
6343,1.179199
6344,1.184326
6345,1.168945
6346,1.168945
6347,1.189453
6348,1.179199
6349,1.199707
6350,1.240723
6351,1.235596
6352,1.199707
6353,1.215088
6354,1.204834
6355,1.179199
6356,1.184326
6357,1.168945
6358,1.168945
6359,1.189453
6360,1.179199
6361,1.199707
6362,1.240723
6363,1.235596
6364,1.204834
6365,1.220215
6366,1.209961
6367,1.179199
6368,1.184326
6369,1.168945
6370,1.168945
6371,1.189453
6372,1.184326
6373,1.204834
6374,1.240723
6375,1.235596
6376,1.204834
6377,1.215088
6378,1.204834
6379,1.179199
6380,1.184326
6381,1.168945
6382,1.168945
6383,1.189453
6384,1.179199
6385,1.199707
6386,1.240723
6387,1.240723
6388,1.204834
6389,1.215088
6390,1.204834
6391,1.179199
6392,1.184326
6393,1.168945
6394,1.168945
6395,1.189453
6396,1.179199
6397,1.199707
6398,1.24585
6399,1.240723
6400,1.204834
6401,1.215088
6402,1.209961
6403,1.179199
6404,1.184326
6405,1.168945
6406,1.168945
6407,1.189453
6408,1.179199
6409,1.204834
6410,1.24585
6411,1.240723
6412,1.204834
6413,1.220215
6414,1.204834
6415,1.179199
6416,1.189453
6417,1.174072
6418,1.174072
6419,1.19458
6420,1.184326
6421,1.199707
6422,1.240723
6423,1.240723
6424,1.204834
6425,1.220215
6426,1.204834
6427,1.179199
6428,1.184326
6429,1.168945
6430,1.168945
6431,1.189453
6432,1.184326
6433,1.204834
6434,1.240723
6435,1.240723
6436,1.199707
6437,1.215088
6438,1.204834
6439,1.184326
6440,1.184326
6441,1.168945
6442,1.168945
6443,1.19458
6444,1.184326
6445,1.204834
6446,1.24585
6447,1.240723
6448,1.204834
6449,1.215088
6450,1.204834
6451,1.179199
6452,1.184326
6453,1.168945
6454,1.168945
6455,1.189453
6456,1.184326
6457,1.204834
6458,1.240723
6459,1.235596
6460,1.204834
6461,1.220215
6462,1.204834
6463,1.179199
6464,1.184326
6465,1.168945
6466,1.168945
6467,1.19458
6468,1.184326
6469,1.199707
6470,1.240723
6471,1.235596
6472,1.199707
6473,1.215088
6474,1.199707
6475,1.179199
6476,1.184326
6477,1.163818
6478,1.168945
6479,1.189453
6480,1.184326
6481,1.199707
6482,1.240723
6483,1.235596
6484,1.204834
6485,1.220215
6486,1.204834
6487,1.179199
6488,1.189453
6489,1.168945
6490,1.168945
6491,1.189453
6492,1.184326
6493,1.204834
6494,1.240723
6495,1.240723
6496,1.204834
6497,1.220215
6498,1.209961
6499,1.184326
6500,1.189453
6501,1.168945
6502,1.168945
6503,1.19458
6504,1.184326
6505,1.204834
6506,1.24585
6507,1.240723
6508,1.204834
6509,1.220215
6510,1.204834
6511,1.179199
6512,1.184326
6513,1.168945
6514,1.168945
6515,1.189453
6516,1.179199
6517,1.199707
6518,1.24585
6519,1.235596
6520,1.204834
6521,1.215088
6522,1.204834
6523,1.179199
6524,1.184326
6525,1.168945
6526,1.168945
6527,1.19458
6528,1.184326
6529,1.199707
6530,1.24585
6531,1.240723
6532,1.204834
6533,1.220215
6534,1.204834
6535,1.179199
6536,1.184326
6537,1.168945
6538,1.174072
6539,1.189453
6540,1.184326
6541,1.204834
6542,1.240723
6543,1.240723
6544,1.204834
6545,1.220215
6546,1.204834
6547,1.179199
6548,1.189453
6549,1.168945
6550,1.168945
6551,1.189453
6552,1.184326
6553,1.199707
6554,1.240723
6555,1.235596
6556,1.204834
6557,1.220215
6558,1.209961
6559,1.179199
6560,1.184326
6561,1.168945
6562,1.174072
6563,1.189453
6564,1.184326
6565,1.204834
6566,1.24585
6567,1.240723
6568,1.204834
6569,1.215088
6570,1.204834
6571,1.179199
6572,1.184326
6573,1.163818
6574,1.174072
6575,1.19458
6576,1.184326
6577,1.199707
6578,1.240723
6579,1.235596
6580,1.204834
6581,1.220215
6582,1.204834
6583,1.179199
6584,1.184326
6585,1.163818
6586,1.168945
6587,1.189453
6588,1.184326
6589,1.204834
6590,1.24585
6591,1.240723
6592,1.209961
6593,1.220215
6594,1.209961
6595,1.184326
6596,1.184326
6597,1.163818
6598,1.168945
6599,1.189453
6600,1.184326
6601,1.199707
6602,1.240723
6603,1.240723
6604,1.204834
6605,1.220215
6606,1.204834
6607,1.179199
6608,1.189453
6609,1.168945
6610,1.168945
6611,1.19458
6612,1.184326
6613,1.199707
6614,1.240723
6615,1.235596
6616,1.204834
6617,1.215088
6618,1.204834
6619,1.179199
6620,1.184326
6621,1.168945
6622,1.174072
6623,1.19458
6624,1.189453
6625,1.199707
6626,1.240723
6627,1.240723
6628,1.209961
6629,1.220215
6630,1.204834
6631,1.179199
6632,1.189453
6633,1.168945
6634,1.174072
6635,1.19458
6636,1.184326
6637,1.199707
6638,1.240723
6639,1.235596
6640,1.209961
6641,1.220215
6642,1.204834
6643,1.179199
6644,1.189453
6645,1.168945
6646,1.168945
6647,1.189453
6648,1.184326
6649,1.199707
6650,1.240723
6651,1.235596
6652,1.204834
6653,1.220215
6654,1.209961
6655,1.179199
6656,1.184326
6657,1.168945
6658,1.168945
6659,1.189453
6660,1.184326
6661,1.199707
6662,1.240723
6663,1.235596
6664,1.204834
6665,1.215088
6666,1.204834
6667,1.179199
6668,1.184326
6669,1.168945
6670,1.168945
6671,1.189453
6672,1.184326
6673,1.19458
6674,1.240723
6675,1.235596
6676,1.204834
6677,1.215088
6678,1.204834
6679,1.179199
6680,1.184326
6681,1.168945
6682,1.168945
6683,1.189453
6684,1.184326
6685,1.199707
6686,1.240723
6687,1.235596
6688,1.204834
6689,1.215088
6690,1.204834
6691,1.174072
6692,1.184326
6693,1.168945
6694,1.168945
6695,1.189453
6696,1.179199
6697,1.199707
6698,1.24585
6699,1.240723
6700,1.204834
6701,1.220215
6702,1.209961
6703,1.179199
6704,1.184326
6705,1.168945
6706,1.179199
6707,1.19458
6708,1.189453
6709,1.199707
6710,1.24585
6711,1.240723
6712,1.209961
6713,1.220215
6714,1.209961
6715,1.179199
6716,1.184326
6717,1.163818
6718,1.174072
6719,1.189453
6720,1.184326
6721,1.199707
6722,1.24585
6723,1.240723
6724,1.204834
6725,1.220215
6726,1.209961
6727,1.179199
6728,1.184326
6729,1.168945
6730,1.174072
6731,1.19458
6732,1.184326
6733,1.199707
6734,1.24585
6735,1.240723
6736,1.209961
6737,1.220215
6738,1.209961
6739,1.179199
6740,1.184326
6741,1.168945
6742,1.174072
6743,1.19458
6744,1.189453
6745,1.204834
6746,1.24585
6747,1.240723
6748,1.204834
6749,1.215088
6750,1.204834
6751,1.179199
6752,1.184326
6753,1.163818
6754,1.168945
6755,1.189453
6756,1.184326
6757,1.199707
6758,1.24585
6759,1.240723
6760,1.209961
6761,1.220215
6762,1.204834
6763,1.179199
6764,1.184326
6765,1.163818
6766,1.168945
6767,1.189453
6768,1.189453
6769,1.199707
6770,1.24585
6771,1.240723
6772,1.209961
6773,1.220215
6774,1.209961
6775,1.179199
6776,1.184326
6777,1.163818
6778,1.174072
6779,1.19458
6780,1.189453
6781,1.199707
6782,1.24585
6783,1.235596
6784,1.209961
6785,1.220215
6786,1.204834
6787,1.179199
6788,1.184326
6789,1.168945
6790,1.174072
6791,1.19458
6792,1.184326
6793,1.204834
6794,1.24585
6795,1.240723
6796,1.209961
6797,1.220215
6798,1.209961
6799,1.179199
6800,1.189453
6801,1.168945
6802,1.174072
6803,1.19458
6804,1.184326
6805,1.199707
6806,1.240723
6807,1.235596
6808,1.204834
6809,1.215088
6810,1.204834
6811,1.174072
6812,1.184326
6813,1.168945
6814,1.168945
6815,1.189453
6816,1.184326
6817,1.199707
6818,1.24585
6819,1.235596
6820,1.204834
6821,1.215088
6822,1.209961
6823,1.174072
6824,1.184326
6825,1.168945
6826,1.174072
6827,1.189453
6828,1.184326
6829,1.19458
6830,1.240723
6831,1.235596
6832,1.204834
6833,1.220215
6834,1.209961
6835,1.179199
6836,1.179199
6837,1.163818
6838,1.168945
6839,1.189453
6840,1.189453
6841,1.199707
6842,1.24585
6843,1.240723
6844,1.204834
6845,1.220215
6846,1.209961
6847,1.179199
6848,1.184326
6849,1.168945
6850,1.174072
6851,1.189453
6852,1.184326
6853,1.199707
6854,1.24585
6855,1.235596
6856,1.204834
6857,1.215088
6858,1.204834
6859,1.179199
6860,1.189453
6861,1.163818
6862,1.168945
6863,1.189453
6864,1.184326
6865,1.19458
6866,1.240723
6867,1.235596
6868,1.204834
6869,1.215088
6870,1.209961
6871,1.174072
6872,1.184326
6873,1.163818
6874,1.174072
6875,1.189453
6876,1.184326
6877,1.199707
6878,1.240723
6879,1.235596
6880,1.204834
6881,1.215088
6882,1.204834
6883,1.174072
6884,1.184326
6885,1.163818
6886,1.174072
6887,1.189453
6888,1.189453
6889,1.199707
6890,1.24585
6891,1.240723
6892,1.209961
6893,1.220215
6894,1.209961
6895,1.179199
6896,1.184326
6897,1.168945
6898,1.179199
6899,1.19458
6900,1.189453
6901,1.199707
6902,1.24585
6903,1.240723
6904,1.204834
6905,1.215088
6906,1.209961
6907,1.179199
6908,1.189453
6909,1.163818
6910,1.174072
6911,1.19458
6912,1.189453
6913,1.199707
6914,1.24585
6915,1.240723
6916,1.209961
6917,1.220215
6918,1.209961
6919,1.179199
6920,1.189453
6921,1.168945
6922,1.174072
6923,1.19458
6924,1.189453
6925,1.199707
6926,1.24585
6927,1.240723
6928,1.209961
6929,1.220215
6930,1.209961
6931,1.179199
6932,1.189453
6933,1.168945
6934,1.174072
6935,1.199707
6936,1.189453
6937,1.204834
6938,1.24585
6939,1.240723
6940,1.209961
6941,1.220215
6942,1.209961
6943,1.179199
6944,1.184326
6945,1.163818
6946,1.174072
6947,1.19458
6948,1.189453
6949,1.199707
6950,1.24585
6951,1.240723
6952,1.209961
6953,1.220215
6954,1.204834
6955,1.174072
6956,1.184326
6957,1.163818
6958,1.174072
6959,1.189453
6960,1.184326
6961,1.19458
6962,1.24585
6963,1.235596
6964,1.204834
6965,1.220215
6966,1.209961
6967,1.179199
6968,1.184326
6969,1.168945
6970,1.174072
6971,1.19458
6972,1.19458
6973,1.204834
6974,1.250977
6975,1.240723
6976,1.209961
6977,1.220215
6978,1.209961
6979,1.179199
6980,1.189453
6981,1.168945
6982,1.174072
6983,1.19458
6984,1.189453
6985,1.199707
6986,1.24585
6987,1.235596
6988,1.209961
6989,1.220215
6990,1.209961
6991,1.179199
6992,1.184326
6993,1.168945
6994,1.179199
6995,1.189453
6996,1.189453
6997,1.199707
6998,1.240723
6999,1.235596
7000,1.204834
7001,1.215088
7002,1.209961
7003,1.174072
7004,1.184326
7005,1.163818
7006,1.174072
7007,1.189453
7008,1.189453
7009,1.199707
7010,1.24585
7011,1.235596
7012,1.209961
7013,1.215088
7014,1.209961
7015,1.179199
7016,1.184326
7017,1.163818
7018,1.174072
7019,1.189453
7020,1.184326
7021,1.199707
7022,1.24585
7023,1.240723
7024,1.209961
7025,1.220215
7026,1.209961
7027,1.179199
7028,1.184326
7029,1.163818
7030,1.179199
7031,1.19458
7032,1.189453
7033,1.199707
7034,1.24585
7035,1.240723
7036,1.209961
7037,1.220215
7038,1.209961
7039,1.184326
7040,1.189453
7041,1.168945
7042,1.179199
7043,1.19458
7044,1.189453
7045,1.199707
7046,1.24585
7047,1.240723
7048,1.209961
7049,1.220215
7050,1.204834
7051,1.174072
7052,1.184326
7053,1.163818
7054,1.174072
7055,1.189453
7056,1.189453
7057,1.199707
7058,1.240723
7059,1.235596
7060,1.209961
7061,1.220215
7062,1.209961
7063,1.174072
7064,1.189453
7065,1.163818
7066,1.174072
7067,1.19458
7068,1.189453
7069,1.199707
7070,1.250977
7071,1.235596
7072,1.209961
7073,1.220215
7074,1.204834
7075,1.174072
7076,1.184326
7077,1.168945
7078,1.179199
7079,1.19458
7080,1.189453
7081,1.204834
7082,1.24585
7083,1.240723
7084,1.209961
7085,1.225342
7086,1.209961
7087,1.179199
7088,1.189453
7089,1.168945
7090,1.179199
7091,1.189453
7092,1.189453
7093,1.19458
7094,1.240723
7095,1.235596
7096,1.204834
7097,1.215088
7098,1.209961
7099,1.174072
7100,1.179199
7101,1.163818
7102,1.174072
7103,1.189453
7104,1.184326
7105,1.19458
7106,1.24585
7107,1.235596
7108,1.209961
7109,1.220215
7110,1.209961
7111,1.174072
7112,1.184326
7113,1.168945
7114,1.179199
7115,1.19458
7116,1.189453
7117,1.199707
7118,1.24585
7119,1.240723
7120,1.209961
7121,1.220215
7122,1.209961
7123,1.179199
7124,1.184326
7125,1.163818
7126,1.174072
7127,1.19458
7128,1.189453
7129,1.199707
7130,1.24585
7131,1.235596
7132,1.209961
7133,1.220215
7134,1.209961
7135,1.174072
7136,1.184326
7137,1.168945
7138,1.174072
7139,1.19458
7140,1.189453
7141,1.199707
7142,1.24585
7143,1.240723
7144,1.209961
7145,1.220215
7146,1.209961
7147,1.179199
7148,1.184326
7149,1.163818
7150,1.179199
7151,1.19458
7152,1.189453
7153,1.199707
7154,1.24585
7155,1.240723
7156,1.209961
7157,1.220215
7158,1.215088
7159,1.179199
7160,1.184326
7161,1.168945
7162,1.174072
7163,1.189453
7164,1.184326
7165,1.199707
7166,1.24585
7167,1.240723
7168,1.209961
7169,1.220215
7170,1.209961
7171,1.179199
7172,1.184326
7173,1.163818
7174,1.179199
7175,1.19458
7176,1.189453
7177,1.199707
7178,1.250977
7179,1.240723
7180,1.215088
7181,1.220215
7182,1.209961
7183,1.179199
7184,1.184326
7185,1.168945
7186,1.179199
7187,1.199707
7188,1.19458
7189,1.199707
7190,1.24585
7191,1.240723
7192,1.215088
7193,1.220215
7194,1.209961
7195,1.179199
7196,1.184326
7197,1.163818
7198,1.174072
7199,1.19458
7200,1.189453
7201,1.204834
7202,1.250977
7203,1.240723
7204,1.215088
7205,1.225342
7206,1.209961
7207,1.184326
7208,1.189453
7209,1.168945
7210,1.179199
7211,1.199707
7212,1.19458
7213,1.199707
7214,1.24585
7215,1.240723
7216,1.209961
7217,1.220215
7218,1.209961
7219,1.179199
7220,1.184326
7221,1.163818
7222,1.174072
7223,1.19458
7224,1.189453
7225,1.199707
7226,1.24585
7227,1.240723
7228,1.215088
7229,1.220215
7230,1.209961
7231,1.179199
7232,1.189453
7233,1.168945
7234,1.179199
7235,1.19458
7236,1.19458
7237,1.204834
7238,1.24585
7239,1.240723
7240,1.215088
7241,1.220215
7242,1.209961
7243,1.179199
7244,1.189453
7245,1.163818
7246,1.174072
7247,1.19458
7248,1.189453
7249,1.199707
7250,1.24585
7251,1.240723
7252,1.209961
7253,1.225342
7254,1.209961
7255,1.179199
7256,1.184326
7257,1.168945
7258,1.174072
7259,1.19458
7260,1.189453
7261,1.199707
7262,1.24585
7263,1.235596
7264,1.209961
7265,1.215088
7266,1.204834
7267,1.174072
7268,1.184326
7269,1.163818
7270,1.174072
7271,1.19458
7272,1.189453
7273,1.199707
7274,1.24585
7275,1.235596
7276,1.209961
7277,1.220215
7278,1.209961
7279,1.174072
7280,1.184326
7281,1.163818
7282,1.174072
7283,1.19458
7284,1.189453
7285,1.199707
7286,1.240723
7287,1.240723
7288,1.209961
7289,1.220215
7290,1.209961
7291,1.174072
7292,1.184326
7293,1.163818
7294,1.174072
7295,1.189453
7296,1.184326
7297,1.199707
7298,1.24585
7299,1.240723
7300,1.215088
7301,1.220215
7302,1.215088
7303,1.179199
7304,1.189453
7305,1.168945
7306,1.184326
7307,1.199707
7308,1.19458
7309,1.204834
7310,1.24585
7311,1.235596
7312,1.209961
7313,1.220215
7314,1.209961
7315,1.179199
7316,1.184326
7317,1.163818
7318,1.179199
7319,1.19458
7320,1.189453
7321,1.199707
7322,1.240723
7323,1.235596
7324,1.209961
7325,1.215088
7326,1.204834
7327,1.174072
7328,1.184326
7329,1.163818
7330,1.174072
7331,1.19458
7332,1.189453
7333,1.199707
7334,1.24585
7335,1.240723
7336,1.209961
7337,1.220215
7338,1.209961
7339,1.179199
7340,1.189453
7341,1.163818
7342,1.179199
7343,1.199707
7344,1.19458
7345,1.199707
7346,1.24585
7347,1.240723
7348,1.215088
7349,1.220215
7350,1.209961
7351,1.179199
7352,1.184326
7353,1.163818
7354,1.174072
7355,1.19458
7356,1.19458
7357,1.204834
7358,1.24585
7359,1.240723
7360,1.215088
7361,1.220215
7362,1.209961
7363,1.179199
7364,1.189453
7365,1.163818
7366,1.179199
7367,1.19458
7368,1.189453
7369,1.199707
7370,1.24585
7371,1.235596
7372,1.209961
7373,1.220215
7374,1.209961
7375,1.174072
7376,1.184326
7377,1.163818
7378,1.179199
7379,1.19458
7380,1.189453
7381,1.199707
7382,1.24585
7383,1.240723
7384,1.209961
7385,1.220215
7386,1.209961
7387,1.179199
7388,1.184326
7389,1.163818
7390,1.174072
7391,1.19458
7392,1.189453
7393,1.204834
7394,1.24585
7395,1.235596
7396,1.215088
7397,1.220215
7398,1.209961
7399,1.179199
7400,1.184326
7401,1.168945
7402,1.179199
7403,1.199707
7404,1.19458
7405,1.204834
7406,1.24585
7407,1.240723
7408,1.215088
7409,1.225342
7410,1.215088
7411,1.184326
7412,1.184326
7413,1.168945
7414,1.174072
7415,1.199707
7416,1.19458
7417,1.204834
7418,1.24585
7419,1.240723
7420,1.215088
7421,1.220215
7422,1.209961
7423,1.179199
7424,1.184326
7425,1.168945
7426,1.174072
7427,1.19458
7428,1.189453
7429,1.199707
7430,1.24585
7431,1.235596
7432,1.209961
7433,1.220215
7434,1.209961
7435,1.174072
7436,1.179199
7437,1.163818
7438,1.174072
7439,1.189453
7440,1.184326
7441,1.199707
7442,1.24585
7443,1.235596
7444,1.204834
7445,1.220215
7446,1.209961
7447,1.174072
7448,1.179199
7449,1.163818
7450,1.174072
7451,1.189453
7452,1.184326
7453,1.199707
7454,1.240723
7455,1.235596
7456,1.209961
7457,1.215088
7458,1.209961
7459,1.174072
7460,1.184326
7461,1.163818
7462,1.174072
7463,1.19458
7464,1.189453
7465,1.199707
7466,1.24585
7467,1.240723
7468,1.215088
7469,1.220215
7470,1.215088
7471,1.179199
7472,1.184326
7473,1.168945
7474,1.174072
7475,1.19458
7476,1.189453
7477,1.204834
7478,1.24585
7479,1.240723
7480,1.215088
7481,1.225342
7482,1.209961
7483,1.179199
7484,1.189453
7485,1.168945
7486,1.179199
7487,1.19458
7488,1.189453
7489,1.199707
7490,1.24585
7491,1.235596
7492,1.209961
7493,1.220215
7494,1.204834
7495,1.179199
7496,1.184326
7497,1.158691
7498,1.174072
7499,1.189453
7500,1.189453
7501,1.199707
7502,1.24585
7503,1.240723
7504,1.209961
7505,1.220215
7506,1.204834
7507,1.179199
7508,1.184326
7509,1.163818
7510,1.179199
7511,1.19458
7512,1.189453
7513,1.204834
7514,1.24585
7515,1.240723
7516,1.209961
7517,1.225342
7518,1.209961
7519,1.179199
7520,1.184326
7521,1.168945
7522,1.179199
7523,1.199707
7524,1.19458
7525,1.204834
7526,1.24585
7527,1.240723
7528,1.215088
7529,1.225342
7530,1.209961
7531,1.184326
7532,1.189453
7533,1.168945
7534,1.179199
7535,1.199707
7536,1.19458
7537,1.209961
7538,1.250977
7539,1.24585
7540,1.215088
7541,1.225342
7542,1.209961
7543,1.179199
7544,1.184326
7545,1.168945
7546,1.179199
7547,1.19458
7548,1.19458
7549,1.204834
7550,1.24585
7551,1.240723
7552,1.209961
7553,1.220215
7554,1.204834
7555,1.179199
7556,1.184326
7557,1.168945
7558,1.179199
7559,1.199707
7560,1.19458
7561,1.209961
7562,1.24585
7563,1.240723
7564,1.209961
7565,1.220215
7566,1.209961
7567,1.179199
7568,1.184326
7569,1.168945
7570,1.179199
7571,1.19458
7572,1.189453
7573,1.204834
7574,1.24585
7575,1.240723
7576,1.215088
7577,1.220215
7578,1.209961
7579,1.174072
7580,1.184326
7581,1.163818
7582,1.179199
7583,1.199707
7584,1.189453
7585,1.204834
7586,1.24585
7587,1.240723
7588,1.215088
7589,1.225342
7590,1.215088
7591,1.179199
7592,1.184326
7593,1.168945
7594,1.179199
7595,1.19458
7596,1.189453
7597,1.209961
7598,1.24585
7599,1.235596
7600,1.209961
7601,1.220215
7602,1.204834
7603,1.179199
7604,1.184326
7605,1.163818
7606,1.174072
7607,1.189453
7608,1.184326
7609,1.199707
7610,1.240723
7611,1.235596
7612,1.209961
7613,1.220215
7614,1.204834
7615,1.174072
7616,1.179199
7617,1.158691
7618,1.174072
7619,1.19458
7620,1.189453
7621,1.204834
7622,1.240723
7623,1.235596
7624,1.209961
7625,1.220215
7626,1.209961
7627,1.179199
7628,1.184326
7629,1.163818
7630,1.179199
7631,1.189453
7632,1.184326
7633,1.19458
7634,1.235596
7635,1.230469
7636,1.204834
7637,1.215088
7638,1.199707
7639,1.174072
7640,1.179199
7641,1.158691
7642,1.174072
7643,1.19458
7644,1.189453
7645,1.204834
7646,1.240723
7647,1.240723
7648,1.209961
7649,1.220215
7650,1.209961
7651,1.179199
7652,1.184326
7653,1.163818
7654,1.179199
7655,1.199707
7656,1.19458
7657,1.204834
7658,1.24585
7659,1.240723
7660,1.215088
7661,1.220215
7662,1.209961
7663,1.179199
7664,1.184326
7665,1.163818
7666,1.179199
7667,1.199707
7668,1.19458
7669,1.209961
7670,1.250977
7671,1.24585
7672,1.220215
7673,1.230469
7674,1.215088
7675,1.189453
7676,1.189453
7677,1.174072
7678,1.184326
7679,1.204834
7680,1.19458
7681,1.204834
7682,1.24585
7683,1.240723
7684,1.215088
7685,1.225342
7686,1.204834
7687,1.179199
7688,1.184326
7689,1.163818
7690,1.174072
7691,1.19458
7692,1.189453
7693,1.204834
7694,1.24585
7695,1.240723
7696,1.215088
7697,1.225342
7698,1.209961
7699,1.179199
7700,1.189453
7701,1.168945
7702,1.179199
7703,1.199707
7704,1.189453
7705,1.204834
7706,1.24585
7707,1.24585
7708,1.215088
7709,1.225342
7710,1.209961
7711,1.179199
7712,1.184326
7713,1.163818
7714,1.174072
7715,1.199707
7716,1.19458
7717,1.209961
7718,1.24585
7719,1.240723
7720,1.215088
7721,1.220215
7722,1.209961
7723,1.179199
7724,1.184326
7725,1.163818
7726,1.179199
7727,1.19458
7728,1.189453
7729,1.204834
7730,1.24585
7731,1.235596
7732,1.215088
7733,1.225342
7734,1.209961
7735,1.174072
7736,1.184326
7737,1.163818
7738,1.179199
7739,1.19458
7740,1.189453
7741,1.204834
7742,1.24585
7743,1.240723
7744,1.215088
7745,1.220215
7746,1.204834
7747,1.179199
7748,1.179199
7749,1.158691
7750,1.174072
7751,1.189453
7752,1.184326
7753,1.199707
7754,1.240723
7755,1.235596
7756,1.209961
7757,1.215088
7758,1.204834
7759,1.179199
7760,1.184326
7761,1.163818
7762,1.179199
7763,1.19458
7764,1.189453
7765,1.199707
7766,1.24585
7767,1.240723
7768,1.215088
7769,1.220215
7770,1.204834
7771,1.174072
7772,1.179199
7773,1.163818
7774,1.179199
7775,1.19458
7776,1.189453
7777,1.204834
7778,1.24585
7779,1.235596
7780,1.209961
7781,1.215088
7782,1.204834
7783,1.179199
7784,1.184326
7785,1.158691
7786,1.179199
7787,1.19458
7788,1.189453
7789,1.204834
7790,1.24585
7791,1.240723
7792,1.215088
7793,1.225342
7794,1.209961
7795,1.179199
7796,1.184326
7797,1.163818
7798,1.179199
7799,1.19458
7800,1.189453
7801,1.204834
7802,1.24585
7803,1.240723
7804,1.215088
7805,1.220215
7806,1.209961
7807,1.179199
7808,1.184326
7809,1.163818
7810,1.184326
7811,1.19458
7812,1.189453
7813,1.204834
7814,1.24585
7815,1.240723
7816,1.215088
7817,1.225342
7818,1.215088
7819,1.179199
7820,1.189453
7821,1.168945
7822,1.184326
7823,1.199707
7824,1.19458
7825,1.204834
7826,1.24585
7827,1.240723
7828,1.215088
7829,1.220215
7830,1.204834
7831,1.179199
7832,1.184326
7833,1.163818
7834,1.174072
7835,1.199707
7836,1.189453
7837,1.199707
7838,1.24585
7839,1.235596
7840,1.215088
7841,1.220215
7842,1.204834
7843,1.184326
7844,1.189453
7845,1.163818
7846,1.179199
7847,1.19458
7848,1.189453
7849,1.199707
7850,1.24585
7851,1.235596
7852,1.215088
7853,1.220215
7854,1.204834
7855,1.179199
7856,1.184326
7857,1.163818
7858,1.179199
7859,1.19458
7860,1.19458
7861,1.204834
7862,1.24585
7863,1.240723
7864,1.215088
7865,1.220215
7866,1.209961
7867,1.179199
7868,1.189453
7869,1.168945
7870,1.179199
7871,1.19458
7872,1.19458
7873,1.204834
7874,1.24585
7875,1.240723
7876,1.215088
7877,1.220215
7878,1.209961
7879,1.179199
7880,1.184326
7881,1.163818
7882,1.179199
7883,1.19458
7884,1.189453
7885,1.199707
7886,1.24585
7887,1.240723
7888,1.220215
7889,1.225342
7890,1.209961
7891,1.179199
7892,1.189453
7893,1.168945
7894,1.179199
7895,1.19458
7896,1.19458
7897,1.204834
7898,1.24585
7899,1.240723
7900,1.215088
7901,1.220215
7902,1.209961
7903,1.179199
7904,1.184326
7905,1.163818
7906,1.179199
7907,1.19458
7908,1.189453
7909,1.204834
7910,1.24585
7911,1.240723
7912,1.215088
7913,1.220215
7914,1.204834
7915,1.174072
7916,1.184326
7917,1.163818
7918,1.179199
7919,1.19458
7920,1.189453
7921,1.204834
7922,1.240723
7923,1.240723
7924,1.215088
7925,1.220215
7926,1.204834
7927,1.174072
7928,1.179199
7929,1.163818
7930,1.174072
7931,1.189453
7932,1.184326
7933,1.199707
7934,1.24585
7935,1.235596
7936,1.209961
7937,1.220215
7938,1.209961
7939,1.179199
7940,1.184326
7941,1.163818
7942,1.179199
7943,1.19458
7944,1.189453
7945,1.204834
7946,1.240723
7947,1.235596
7948,1.215088
7949,1.215088
7950,1.204834
7951,1.174072
7952,1.179199
7953,1.158691
7954,1.179199
7955,1.199707
7956,1.19458
7957,1.204834
7958,1.24585
7959,1.240723
7960,1.215088
7961,1.220215
7962,1.204834
7963,1.179199
7964,1.184326
7965,1.163818
7966,1.179199
7967,1.199707
7968,1.19458
7969,1.204834
7970,1.250977
7971,1.240723
7972,1.220215
7973,1.225342
7974,1.204834
7975,1.179199
7976,1.189453
7977,1.168945
7978,1.179199
7979,1.199707
7980,1.19458
7981,1.204834
7982,1.24585
7983,1.240723
7984,1.215088
7985,1.220215
7986,1.204834
7987,1.174072
7988,1.184326
7989,1.158691
7990,1.174072
7991,1.19458
7992,1.189453
7993,1.204834
7994,1.24585
7995,1.240723
7996,1.215088
7997,1.220215
7998,1.204834
7999,1.179199
8000,1.184326
8001,1.163818
8002,1.179199
8003,1.199707
8004,1.189453
8005,1.204834
8006,1.250977
8007,1.240723
8008,1.215088
8009,1.220215
8010,1.209961
8011,1.179199
8012,1.184326
8013,1.168945
8014,1.179199
8015,1.199707
8016,1.19458
8017,1.209961
8018,1.24585
8019,1.235596
8020,1.220215
8021,1.225342
8022,1.209961
8023,1.179199
8024,1.184326
8025,1.163818
8026,1.179199
8027,1.19458
8028,1.189453
8029,1.204834
8030,1.24585
8031,1.235596
8032,1.215088
8033,1.220215
8034,1.204834
8035,1.174072
8036,1.184326
8037,1.163818
8038,1.179199
8039,1.19458
8040,1.189453
8041,1.204834
8042,1.240723
8043,1.235596
8044,1.215088
8045,1.220215
8046,1.204834
8047,1.174072
8048,1.179199
8049,1.158691
8050,1.174072
8051,1.189453
8052,1.184326
8053,1.204834
8054,1.240723
8055,1.230469
8056,1.209961
8057,1.220215
8058,1.204834
8059,1.174072
8060,1.184326
8061,1.163818
8062,1.179199
8063,1.189453
8064,1.184326
8065,1.199707
8066,1.240723
8067,1.235596
8068,1.215088
8069,1.215088
8070,1.204834
8071,1.174072
8072,1.184326
8073,1.163818
8074,1.179199
8075,1.19458
8076,1.189453
8077,1.199707
8078,1.240723
8079,1.230469
8080,1.209961
8081,1.215088
8082,1.199707
8083,1.174072
8084,1.179199
8085,1.158691
8086,1.174072
8087,1.189453
8088,1.184326
8089,1.199707
8090,1.240723
8091,1.235596
8092,1.209961
8093,1.215088
8094,1.199707
8095,1.174072
8096,1.184326
8097,1.163818
8098,1.179199
8099,1.189453
8100,1.184326
8101,1.199707
8102,1.240723
8103,1.235596
8104,1.209961
8105,1.215088
8106,1.199707
8107,1.168945
8108,1.179199
8109,1.153564
8110,1.174072
8111,1.189453
8112,1.184326
8113,1.199707
8114,1.240723
8115,1.230469
8116,1.204834
8117,1.209961
8118,1.199707
8119,1.174072
8120,1.184326
8121,1.158691
8122,1.174072
8123,1.189453
8124,1.184326
8125,1.199707
8126,1.240723
8127,1.235596
8128,1.215088
8129,1.220215
8130,1.204834
8131,1.179199
8132,1.184326
8133,1.158691
8134,1.179199
8135,1.19458
8136,1.189453
8137,1.199707
8138,1.240723
8139,1.235596
8140,1.209961
8141,1.215088
8142,1.199707
8143,1.174072
8144,1.179199
8145,1.158691
8146,1.174072
8147,1.19458
8148,1.189453
8149,1.199707
8150,1.24585
8151,1.235596
8152,1.215088
8153,1.220215
8154,1.204834
8155,1.179199
8156,1.189453
8157,1.163818
8158,1.179199
8159,1.19458
8160,1.189453
8161,1.199707
8162,1.240723
8163,1.235596
8164,1.209961
8165,1.215088
8166,1.204834
8167,1.174072
8168,1.179199
8169,1.158691
8170,1.168945
8171,1.189453
8172,1.189453
8173,1.199707
8174,1.235596
8175,1.230469
8176,1.209961
8177,1.215088
8178,1.199707
8179,1.174072
8180,1.179199
8181,1.163818
8182,1.179199
8183,1.19458
8184,1.189453
8185,1.199707
8186,1.240723
8187,1.230469
8188,1.209961
8189,1.209961
8190,1.199707
8191,1.168945
8192,1.174072
8193,1.158691
8194,1.174072
8195,1.189453
8196,1.184326
8197,1.199707
8198,1.235596
8199,1.225342
8200,1.204834
8201,1.209961
8202,1.199707
8203,1.168945
8204,1.174072
8205,1.158691
8206,1.168945
8207,1.189453
8208,1.184326
8209,1.19458
8210,1.235596
8211,1.230469
8212,1.204834
8213,1.209961
8214,1.199707
8215,1.174072
8216,1.174072
8217,1.158691
8218,1.174072
8219,1.189453
8220,1.184326
8221,1.19458
8222,1.235596
8223,1.230469
8224,1.204834
8225,1.209961
8226,1.199707
8227,1.168945
8228,1.174072
8229,1.153564
8230,1.168945
8231,1.189453
8232,1.184326
8233,1.19458
8234,1.235596
8235,1.230469
8236,1.204834
8237,1.215088
8238,1.199707
8239,1.174072
8240,1.174072
8241,1.153564
8242,1.168945
8243,1.184326
8244,1.179199
8245,1.19458
8246,1.230469
8247,1.225342
8248,1.204834
8249,1.209961
8250,1.19458
8251,1.168945
8252,1.174072
8253,1.153564
8254,1.174072
8255,1.189453
8256,1.184326
8257,1.19458
8258,1.235596
8259,1.225342
8260,1.204834
8261,1.215088
8262,1.19458
8263,1.168945
8264,1.174072
8265,1.153564
8266,1.168945
8267,1.189453
8268,1.184326
8269,1.199707
8270,1.240723
8271,1.230469
8272,1.209961
8273,1.215088
8274,1.199707
8275,1.174072
8276,1.179199
8277,1.158691
8278,1.174072
8279,1.19458
8280,1.184326
8281,1.199707
8282,1.24585
8283,1.235596
8284,1.209961
8285,1.215088
8286,1.199707
8287,1.168945
8288,1.174072
8289,1.153564
8290,1.168945
8291,1.189453
8292,1.184326
8293,1.19458
8294,1.235596
8295,1.230469
8296,1.204834
8297,1.209961
8298,1.19458
8299,1.168945
8300,1.179199
8301,1.153564
8302,1.163818
8303,1.189453
8304,1.184326
8305,1.19458
8306,1.235596
8307,1.230469
8308,1.209961
8309,1.215088
8310,1.19458
8311,1.168945
8312,1.174072
8313,1.153564
8314,1.168945
8315,1.189453
8316,1.179199
8317,1.19458
8318,1.235596
8319,1.225342
8320,1.204834
8321,1.209961
8322,1.19458
8323,1.168945
8324,1.174072
8325,1.153564
8326,1.168945
8327,1.189453
8328,1.184326
8329,1.199707
8330,1.240723
8331,1.235596
8332,1.209961
8333,1.215088
8334,1.204834
8335,1.174072
8336,1.179199
8337,1.163818
8338,1.174072
8339,1.189453
8340,1.184326
8341,1.199707
8342,1.240723
8343,1.230469
8344,1.204834
8345,1.215088
8346,1.199707
8347,1.174072
8348,1.179199
8349,1.158691
8350,1.174072
8351,1.189453
8352,1.189453
8353,1.199707
8354,1.235596
8355,1.230469
8356,1.204834
8357,1.215088
8358,1.199707
8359,1.174072
8360,1.174072
8361,1.158691
8362,1.168945
8363,1.189453
8364,1.184326
8365,1.19458
8366,1.235596
8367,1.230469
8368,1.204834
8369,1.209961
8370,1.19458
8371,1.168945
8372,1.174072
8373,1.158691
8374,1.168945
8375,1.184326
8376,1.184326
8377,1.199707
8378,1.235596
8379,1.230469
8380,1.204834
8381,1.215088
8382,1.199707
8383,1.174072
8384,1.174072
8385,1.158691
8386,1.168945
8387,1.189453
8388,1.189453
8389,1.199707
8390,1.235596
8391,1.230469
8392,1.209961
8393,1.215088
8394,1.199707
8395,1.174072
8396,1.179199
8397,1.158691
8398,1.174072
8399,1.189453
8400,1.184326
8401,1.199707
8402,1.235596
8403,1.230469
8404,1.204834
8405,1.215088
8406,1.199707
8407,1.168945
8408,1.179199
8409,1.153564
8410,1.174072
8411,1.189453
8412,1.189453
8413,1.199707
8414,1.240723
8415,1.230469
8416,1.204834
8417,1.215088
8418,1.199707
8419,1.168945
8420,1.174072
8421,1.153564
8422,1.168945
8423,1.189453
8424,1.184326
8425,1.19458
8426,1.235596
8427,1.230469
8428,1.204834
8429,1.209961
8430,1.189453
8431,1.163818
8432,1.168945
8433,1.153564
8434,1.168945
8435,1.189453
8436,1.184326
8437,1.19458
8438,1.230469
8439,1.225342
8440,1.204834
8441,1.209961
8442,1.19458
8443,1.168945
8444,1.174072
8445,1.153564
8446,1.168945
8447,1.189453
8448,1.184326
8449,1.19458
8450,1.235596
8451,1.225342
8452,1.204834
8453,1.209961
8454,1.189453
8455,1.168945
8456,1.174072
8457,1.158691
8458,1.168945
8459,1.189453
8460,1.179199
8461,1.199707
8462,1.240723
8463,1.230469
8464,1.204834
8465,1.215088
8466,1.19458
8467,1.168945
8468,1.168945
8469,1.153564
8470,1.168945
8471,1.189453
8472,1.184326
8473,1.19458
8474,1.230469
8475,1.225342
8476,1.204834
8477,1.209961
8478,1.199707
8479,1.168945
8480,1.174072
8481,1.153564
8482,1.163818
8483,1.189453
8484,1.184326
8485,1.199707
8486,1.235596
8487,1.230469
8488,1.204834
8489,1.215088
8490,1.19458
8491,1.163818
8492,1.168945
8493,1.153564
8494,1.163818
8495,1.189453
8496,1.184326
8497,1.199707
8498,1.235596
8499,1.230469
8500,1.204834
8501,1.215088
8502,1.199707
8503,1.163818
8504,1.168945
8505,1.158691
8506,1.168945
8507,1.189453
8508,1.184326
8509,1.199707
8510,1.235596
8511,1.230469
8512,1.204834
8513,1.215088
8514,1.199707
8515,1.168945
8516,1.174072
8517,1.153564
8518,1.168945
8519,1.189453
8520,1.184326
8521,1.19458
8522,1.235596
8523,1.225342
8524,1.204834
8525,1.209961
8526,1.19458
8527,1.163818
8528,1.168945
8529,1.153564
8530,1.163818
8531,1.189453
8532,1.184326
8533,1.19458
8534,1.235596
8535,1.230469
8536,1.204834
8537,1.215088
8538,1.19458
8539,1.163818
8540,1.168945
8541,1.153564
8542,1.168945
8543,1.189453
8544,1.184326
8545,1.19458
8546,1.235596
8547,1.225342
8548,1.199707
8549,1.209961
8550,1.19458
8551,1.163818
8552,1.168945
8553,1.153564
8554,1.163818
8555,1.189453
8556,1.184326
8557,1.19458
8558,1.235596
8559,1.230469
8560,1.199707
8561,1.215088
8562,1.19458
8563,1.168945
8564,1.168945
8565,1.148438
8566,1.163818
8567,1.184326
8568,1.179199
8569,1.19458
8570,1.235596
8571,1.225342
8572,1.199707
8573,1.209961
8574,1.189453
8575,1.163818
8576,1.168945
8577,1.148438
8578,1.163818
8579,1.189453
8580,1.184326
8581,1.19458
8582,1.235596
8583,1.225342
8584,1.199707
8585,1.215088
8586,1.19458
8587,1.168945
8588,1.168945
8589,1.153564
8590,1.168945
8591,1.19458
8592,1.189453
8593,1.199707
8594,1.235596
8595,1.230469
8596,1.204834
8597,1.215088
8598,1.19458
8599,1.168945
8600,1.168945
8601,1.153564
8602,1.163818
8603,1.19458
8604,1.184326
8605,1.199707
8606,1.235596
8607,1.230469
8608,1.204834
8609,1.209961
8610,1.19458
8611,1.168945
8612,1.174072
8613,1.158691
8614,1.168945
8615,1.189453
8616,1.184326
8617,1.199707
8618,1.235596
8619,1.235596
8620,1.204834
8621,1.215088
8622,1.19458
8623,1.163818
8624,1.168945
8625,1.153564
8626,1.163818
8627,1.189453
8628,1.184326
8629,1.199707
8630,1.235596
8631,1.230469
8632,1.204834
8633,1.220215
8634,1.199707
8635,1.168945
8636,1.179199
8637,1.158691
8638,1.168945
8639,1.19458
8640,1.189453
8641,1.199707
8642,1.235596
8643,1.230469
8644,1.204834
8645,1.215088
8646,1.199707
8647,1.168945
8648,1.168945
8649,1.158691
8650,1.168945
8651,1.189453
8652,1.184326
8653,1.204834
8654,1.235596
8655,1.230469
8656,1.204834
8657,1.215088
8658,1.199707
8659,1.168945
8660,1.174072
8661,1.153564
8662,1.168945
8663,1.189453
8664,1.184326
8665,1.199707
8666,1.235596
8667,1.230469
8668,1.204834
8669,1.220215
8670,1.199707
8671,1.168945
8672,1.174072
8673,1.158691
8674,1.168945
8675,1.189453
8676,1.184326
8677,1.19458
8678,1.230469
8679,1.230469
8680,1.199707
8681,1.215088
8682,1.19458
8683,1.163818
8684,1.168945
8685,1.153564
8686,1.168945
8687,1.189453
8688,1.184326
8689,1.199707
8690,1.235596
8691,1.225342
8692,1.199707
8693,1.215088
8694,1.19458
8695,1.163818
8696,1.174072
8697,1.153564
8698,1.163818
8699,1.189453
8700,1.184326
8701,1.19458
8702,1.235596
8703,1.230469
8704,1.199707
8705,1.215088
8706,1.199707
8707,1.168945
8708,1.168945
8709,1.153564
8710,1.163818
8711,1.19458
8712,1.184326
8713,1.199707
8714,1.235596
8715,1.230469
8716,1.199707
8717,1.215088
8718,1.19458
8719,1.168945
8720,1.174072
8721,1.153564
8722,1.168945
8723,1.19458
8724,1.189453
8725,1.19458
8726,1.235596
8727,1.230469
8728,1.199707
8729,1.215088
8730,1.19458
8731,1.168945
8732,1.174072
8733,1.153564
8734,1.163818
8735,1.189453
8736,1.184326
8737,1.19458
8738,1.230469
8739,1.230469
8740,1.199707
8741,1.215088
8742,1.189453
8743,1.163818
8744,1.168945
8745,1.148438
8746,1.158691
8747,1.189453
8748,1.179199
8749,1.19458
8750,1.230469
8751,1.225342
8752,1.199707
8753,1.209961
8754,1.189453
8755,1.158691
8756,1.168945
8757,1.153564
8758,1.163818
8759,1.189453
8760,1.179199
8761,1.19458
8762,1.235596
8763,1.235596
8764,1.199707
8765,1.215088
8766,1.19458
8767,1.163818
8768,1.168945
8769,1.153564
8770,1.163818
8771,1.19458
8772,1.184326
8773,1.199707
8774,1.230469
8775,1.230469
8776,1.204834
8777,1.215088
8778,1.199707
8779,1.163818
8780,1.168945
8781,1.153564
8782,1.163818
8783,1.189453
8784,1.184326
8785,1.199707
8786,1.235596
8787,1.230469
8788,1.199707
8789,1.209961
8790,1.19458
8791,1.163818
8792,1.168945
8793,1.153564
8794,1.163818
8795,1.189453
8796,1.184326
8797,1.19458
8798,1.235596
8799,1.230469
8800,1.199707
8801,1.209961
8802,1.19458
8803,1.163818
8804,1.168945
8805,1.153564
8806,1.163818
8807,1.184326
8808,1.179199
8809,1.19458
8810,1.230469
8811,1.225342
8812,1.19458
8813,1.209961
8814,1.189453
8815,1.158691
8816,1.168945
8817,1.153564
8818,1.163818
8819,1.189453
8820,1.179199
8821,1.19458
8822,1.235596
8823,1.230469
8824,1.199707
8825,1.215088
8826,1.19458
8827,1.163818
8828,1.168945
8829,1.153564
8830,1.168945
8831,1.189453
8832,1.184326
8833,1.199707
8834,1.235596
8835,1.230469
8836,1.199707
8837,1.215088
8838,1.19458
8839,1.163818
8840,1.168945
8841,1.153564
8842,1.163818
8843,1.189453
8844,1.184326
8845,1.19458
8846,1.235596
8847,1.230469
8848,1.19458
8849,1.209961
8850,1.189453
8851,1.163818
8852,1.168945
8853,1.153564
8854,1.168945
8855,1.19458
8856,1.184326
8857,1.199707
8858,1.235596
8859,1.235596
8860,1.204834
8861,1.215088
8862,1.19458
8863,1.163818
8864,1.168945
8865,1.153564
8866,1.168945
8867,1.19458
8868,1.184326
8869,1.199707
8870,1.235596
8871,1.235596
8872,1.204834
8873,1.220215
8874,1.19458
8875,1.163818
8876,1.174072
8877,1.153564
8878,1.163818
8879,1.19458
8880,1.184326
8881,1.204834
8882,1.240723
8883,1.235596
8884,1.204834
8885,1.220215
8886,1.199707
8887,1.168945
8888,1.168945
8889,1.158691
8890,1.163818
8891,1.19458
8892,1.184326
8893,1.199707
8894,1.235596
8895,1.230469
8896,1.199707
8897,1.215088
8898,1.19458
8899,1.163818
8900,1.163818
8901,1.148438
8902,1.158691
8903,1.189453
8904,1.184326
8905,1.19458
8906,1.235596
8907,1.230469
8908,1.199707
8909,1.215088
8910,1.19458
8911,1.163818
8912,1.168945
8913,1.158691
8914,1.163818
8915,1.19458
8916,1.184326
8917,1.199707
8918,1.235596
8919,1.230469
8920,1.199707
8921,1.215088
8922,1.19458
8923,1.163818
8924,1.168945
8925,1.153564
8926,1.163818
8927,1.189453
8928,1.184326
8929,1.199707
8930,1.235596
8931,1.230469
8932,1.199707
8933,1.215088
8934,1.19458
8935,1.163818
8936,1.174072
8937,1.158691
8938,1.163818
8939,1.189453
8940,1.184326
8941,1.204834
8942,1.235596
8943,1.230469
8944,1.199707
8945,1.209961
8946,1.19458
8947,1.163818
8948,1.168945
8949,1.158691
8950,1.163818
8951,1.189453
8952,1.184326
8953,1.199707
8954,1.235596
8955,1.230469
8956,1.199707
8957,1.215088
8958,1.19458
8959,1.163818
8960,1.168945
8961,1.153564
8962,1.168945
8963,1.189453
8964,1.184326
8965,1.199707
8966,1.235596
8967,1.230469
8968,1.199707
8969,1.215088
8970,1.19458
8971,1.163818
8972,1.168945
8973,1.153564
8974,1.163818
8975,1.189453
8976,1.184326
8977,1.199707
8978,1.235596
8979,1.230469
8980,1.199707
8981,1.215088
8982,1.199707
8983,1.168945
8984,1.174072
8985,1.158691
8986,1.168945
8987,1.199707
8988,1.189453
8989,1.204834
8990,1.240723
8991,1.235596
8992,1.204834
8993,1.220215
8994,1.199707
8995,1.168945
8996,1.174072
8997,1.158691
8998,1.168945
8999,1.19458
9000,1.189453
9001,1.204834
9002,1.240723
9003,1.235596
9004,1.199707
9005,1.220215
9006,1.19458
9007,1.163818
9008,1.168945
9009,1.158691
9010,1.168945
9011,1.19458
9012,1.189453
9013,1.199707
9014,1.240723
9015,1.240723
9016,1.204834
9017,1.220215
9018,1.19458
9019,1.168945
9020,1.168945
9021,1.158691
9022,1.163818
9023,1.19458
9024,1.189453
9025,1.199707
9026,1.240723
9027,1.240723
9028,1.204834
9029,1.220215
9030,1.199707
9031,1.168945
9032,1.174072
9033,1.158691
9034,1.163818
9035,1.19458
9036,1.184326
9037,1.199707
9038,1.240723
9039,1.235596
9040,1.204834
9041,1.220215
9042,1.199707
9043,1.168945
9044,1.174072
9045,1.158691
9046,1.168945
9047,1.19458
9048,1.189453
9049,1.199707
9050,1.240723
9051,1.235596
9052,1.199707
9053,1.220215
9054,1.19458
9055,1.163818
9056,1.168945
9057,1.158691
9058,1.163818
9059,1.19458
9060,1.189453
9061,1.204834
9062,1.240723
9063,1.235596
9064,1.204834
9065,1.220215
9066,1.199707
9067,1.168945
9068,1.174072
9069,1.158691
9070,1.163818
9071,1.19458
9072,1.189453
9073,1.204834
9074,1.235596
9075,1.235596
9076,1.204834
9077,1.220215
9078,1.199707
9079,1.163818
9080,1.174072
9081,1.158691
9082,1.168945
9083,1.19458
9084,1.189453
9085,1.204834
9086,1.235596
9087,1.230469
9088,1.204834
9089,1.215088
9090,1.19458
9091,1.163818
9092,1.168945
9093,1.158691
9094,1.163818
9095,1.189453
9096,1.184326
9097,1.19458
9098,1.235596
9099,1.230469
9100,1.19458
9101,1.215088
9102,1.189453
9103,1.158691
9104,1.163818
9105,1.153564
9106,1.163818
9107,1.189453
9108,1.184326
9109,1.19458
9110,1.230469
9111,1.230469
9112,1.199707
9113,1.209961
9114,1.189453
9115,1.158691
9116,1.168945
9117,1.153564
9118,1.163818
9119,1.189453
9120,1.184326
9121,1.199707
9122,1.235596
9123,1.235596
9124,1.199707
9125,1.215088
9126,1.19458
9127,1.158691
9128,1.168945
9129,1.158691
9130,1.168945
9131,1.19458
9132,1.189453
9133,1.204834
9134,1.240723
9135,1.235596
9136,1.199707
9137,1.220215
9138,1.199707
9139,1.163818
9140,1.168945
9141,1.158691
9142,1.168945
9143,1.19458
9144,1.189453
9145,1.204834
9146,1.240723
9147,1.240723
9148,1.204834
9149,1.220215
9150,1.199707
9151,1.163818
9152,1.168945
9153,1.153564
9154,1.163818
9155,1.189453
9156,1.189453
9157,1.204834
9158,1.240723
9159,1.235596
9160,1.204834
9161,1.220215
9162,1.199707
9163,1.168945
9164,1.174072
9165,1.163818
9166,1.168945
9167,1.19458
9168,1.189453
9169,1.199707
9170,1.240723
9171,1.235596
9172,1.199707
9173,1.215088
9174,1.19458
9175,1.163818
9176,1.168945
9177,1.153564
9178,1.163818
9179,1.189453
9180,1.189453
9181,1.199707
9182,1.235596
9183,1.230469
9184,1.19458
9185,1.209961
9186,1.19458
9187,1.163818
9188,1.168945
9189,1.158691
9190,1.163818
9191,1.189453
9192,1.184326
9193,1.199707
9194,1.235596
9195,1.230469
9196,1.199707
9197,1.215088
9198,1.189453
9199,1.158691
9200,1.163818
9201,1.153564
9202,1.158691
9203,1.189453
9204,1.184326
9205,1.199707
9206,1.235596
9207,1.235596
9208,1.199707
9209,1.215088
9210,1.199707
9211,1.168945
9212,1.174072
9213,1.158691
9214,1.168945
9215,1.19458
9216,1.189453
9217,1.199707
9218,1.235596
9219,1.230469
9220,1.199707
9221,1.215088
9222,1.19458
9223,1.158691
9224,1.168945
9225,1.153564
9226,1.163818
9227,1.189453
9228,1.184326
9229,1.199707
9230,1.235596
9231,1.230469
9232,1.199707
9233,1.215088
9234,1.19458
9235,1.163818
9236,1.168945
9237,1.158691
9238,1.168945
9239,1.19458
9240,1.189453
9241,1.204834
9242,1.235596
9243,1.235596
9244,1.204834
9245,1.215088
9246,1.19458
9247,1.163818
9248,1.168945
9249,1.158691
9250,1.163818
9251,1.184326
9252,1.174072
9253,1.184326
9254,1.209961
9255,1.189453
9256,1.138184
9257,1.143311
9258,1.107422
9259,1.056152
9260,1.051025
9261,1.020264
9262,1.015137
9263,1.030518
9264,1.015137
9265,1.025391
9266,1.051025
9267,1.035645
9268,0.994629
9269,0.999756
9270,0.974121
9271,0.938232
9272,0.974121
9273,2.219971
9274,4.6604
9275,7.536621
9276,10.453857
9277,13.314697
9278,16.047363
9279,18.580078
9280,20.866699
9281,22.122803
9282,21.953613
9283,20.769287
9284,19.154297
9285,17.41626
9286,15.703857
9287,14.052979
9288,12.581543
9289,11.299805
11734,17.293213
11735,20.005371
11736,22.579102
11737,23.942871
11738,23.727539
11739,22.461182
11740,20.759033
11741,18.897949
11742,17.016357
11743,15.27832
11744,13.699219
11745,12.273926
11746,10.97168
11747,9.812988
11748,8.746582
11749,7.864746
11750,7.049561
11751,6.342041
11752,5.701172
11753,5.162842
11754,4.716797
11755,4.286133
11756,3.865723
11757,3.532471
11758,3.22998
11759,2.968506
11760,2.717285
11761,2.542969
11762,2.368652
11763,2.260986
11764,2.143066
11765,2.050781
11766,1.912354
11767,1.845703
11768,1.758545
11769,1.640625
11770,1.563721
11771,1.512451
11772,1.507324
11773,1.461182
11774,1.461182
11775,1.445801
11776,1.440674
11777,1.394531
11778,1.353516
11779,1.291992
11780,1.281738
11781,1.271484
11782,1.26123
11783,1.24585
11784,1.26123
11785,1.317627
11786,1.3125
11787,1.271484
11788,1.250977
11789,1.24585
11790,1.220215
11791,1.189453
11792,1.199707
11793,1.204834
11794,1.235596
11795,1.26123
11796,1.271484
11797,1.235596
11798,1.26123
11799,1.240723
11800,1.189453
11801,1.174072
11802,1.179199
11803,1.209961
11804,1.209961
11805,1.235596
11806,1.271484
11807,1.271484
11808,1.26123
11809,1.230469
11810,1.19458
11811,1.189453
11812,1.199707
11813,1.189453
11814,1.19458
11815,1.220215
11816,1.271484
11817,1.286865
11818,1.240723
11819,1.230469
11820,1.225342
11821,1.209961
11822,1.168945
11823,1.184326
11824,1.199707
11825,1.230469
11826,1.24585
11827,1.271484
11828,1.240723
11829,1.256104
11830,1.24585
11831,1.19458
11832,1.174072
11833,1.179199
11834,1.215088
11835,1.204834
11836,1.24585
11837,1.266357
11838,1.291992
11839,1.256104
11840,1.240723
11841,1.19458
11842,1.204834
11843,1.199707
11844,1.199707
11845,1.189453
11846,1.225342
11847,1.281738
11848,1.281738
11849,1.256104
11850,1.230469
11851,1.24585
11852,1.204834
11853,1.179199
11854,1.179199
11855,1.204834
11856,1.230469
11857,1.250977
11858,1.276611
11859,1.240723
11860,1.266357
11861,1.240723
11862,1.199707
11863,1.174072
11864,1.189453
11865,1.220215
11866,1.215088
11867,1.240723
11868,1.281738
11869,1.286865
11870,1.26123
11871,1.240723
11872,1.204834
11873,1.204834
11874,1.199707
11875,1.19458
11876,1.19458
11877,1.230469
11878,1.286865
11879,1.286865
11880,1.24585
11881,1.24585
11882,1.240723
11883,1.209961
11884,1.174072
11885,1.189453
11886,1.209961
11887,1.240723
11888,1.24585
11889,1.271484
11890,1.256104
11891,1.266357
11892,1.24585
11893,1.199707
11894,1.179199
11895,1.184326
11896,1.220215
11897,1.199707
11898,1.240723
11899,1.276611
11900,1.297119
11901,1.256104
11902,1.240723
11903,1.204834
11904,1.204834
11905,1.19458
11906,1.199707
11907,1.199707
11908,1.230469
11909,1.281738
11910,1.281738
11911,1.250977
11912,1.240723
11913,1.24585
11914,1.204834
11915,1.184326
11916,1.179199
11917,1.215088
11918,1.230469
11919,1.250977
11920,1.276611
11921,1.250977
11922,1.266357
11923,1.235596
11924,1.199707
11925,1.168945
11926,1.184326
11927,1.204834
11928,1.209961
11929,1.225342
11930,1.281738
11931,1.286865
11932,1.26123
11933,1.24585
11934,1.215088
11935,1.209961
11936,1.189453
11937,1.199707
11938,1.184326
11939,1.235596
11940,1.276611
11941,1.281738
11942,1.240723
11943,1.250977
11944,1.240723
11945,1.199707
11946,1.174072
11947,1.174072
11948,1.215088
11949,1.225342
11950,1.24585
11951,1.26123
11952,1.26123
11953,1.26123
11954,1.240723
11955,1.199707
11956,1.179199
11957,1.184326
11958,1.204834
11959,1.199707
11960,1.235596
11961,1.281738
11962,1.302246
11963,1.250977
11964,1.235596
11965,1.209961
11966,1.209961
11967,1.179199
11968,1.19458
11969,1.19458
11970,1.235596
11971,1.281738
11972,1.276611
11973,1.250977
11974,1.250977
11975,1.256104
11976,1.204834
11977,1.184326
11978,1.184326
11979,1.215088
11980,1.225342
11981,1.240723
11982,1.276611
11983,1.26123
11984,1.271484
11985,1.235596
11986,1.199707
11987,1.179199
11988,1.184326
11989,1.199707
11990,1.204834
11991,1.230469
11992,1.281738
11993,1.291992
11994,1.256104
11995,1.235596
11996,1.215088
11997,1.204834
11998,1.184326
11999,1.19458
12000,1.184326
12001,1.235596
12002,1.276611
12003,1.276611
12004,1.240723
12005,1.256104
12006,1.24585
12007,1.199707
12008,1.174072
12009,1.179199
12010,1.220215
12011,1.215088
12012,1.250977
12013,1.26123
12014,1.266357
12015,1.266357
12016,1.240723
12017,1.19458
12018,1.19458
12019,1.189453
12020,1.199707
12021,1.199707
12022,1.225342
12023,1.286865
12024,1.297119
12025,1.256104
12026,1.235596
12027,1.220215
12028,1.204834
12029,1.179199
12030,1.19458
12031,1.19458
12032,1.235596
12033,1.266357
12034,1.271484
12035,1.24585
12036,1.26123
12037,1.256104
12038,1.199707
12039,1.179199
12040,1.184326
12041,1.215088
12042,1.220215
12043,1.240723
12044,1.276611
12045,1.276611
12046,1.276611
12047,1.240723
12048,1.209961
12049,1.189453
12050,1.19458
12051,1.199707
12052,1.209961
12053,1.230469
12054,1.286865
12055,1.291992
12056,1.256104
12057,1.235596
12058,1.225342
12059,1.215088
12060,1.179199
12061,1.199707
12062,1.189453
12063,1.240723
12064,1.26123
12065,1.281738
12066,1.24585
12067,1.26123
12068,1.256104
12069,1.19458
12070,1.179199
12071,1.179199
12072,1.220215
12073,1.215088
12074,1.250977
12075,1.271484
12076,1.281738
12077,1.271484
12078,1.24585
12079,1.199707
12080,1.199707
12081,1.199707
12082,1.204834
12083,1.204834
12084,1.230469
12085,1.291992
12086,1.291992
12087,1.256104
12088,1.235596
12089,1.235596
12090,1.209961
12091,1.189453
12092,1.189453
12093,1.199707
12094,1.230469
12095,1.26123
12096,1.276611
12097,1.235596
12098,1.26123
12099,1.250977
12100,1.19458
12101,1.174072
12102,1.184326
12103,1.209961
12104,1.215088
12105,1.240723
12106,1.276611
12107,1.276611
12108,1.266357
12109,1.240723
12110,1.204834
12111,1.199707
12112,1.204834
12113,1.199707
12114,1.199707
12115,1.230469
12116,1.286865
12117,1.286865
12118,1.24585
12119,1.230469
12120,1.235596
12121,1.209961
12122,1.174072
12123,1.19458
12124,1.204834
12125,1.240723
12126,1.250977
12127,1.276611
12128,1.24585
12129,1.26123
12130,1.250977
12131,1.19458
12132,1.179199
12133,1.184326
12134,1.220215
12135,1.209961
12136,1.24585
12137,1.271484
12138,1.286865
12139,1.256104
12140,1.24585
12141,1.199707
12142,1.199707
12143,1.199707
12144,1.199707
12145,1.189453
12146,1.225342
12147,1.281738
12148,1.276611
12149,1.250977
12150,1.225342
12151,1.240723
12152,1.204834
12153,1.184326
12154,1.184326
12155,1.204834
12156,1.230469
12157,1.24585
12158,1.276611
12159,1.240723
12160,1.266357
12161,1.240723
12162,1.19458
12163,1.168945
12164,1.179199
12165,1.215088
12166,1.209961
12167,1.235596
12168,1.281738
12169,1.281738
12170,1.26123
12171,1.235596
12172,1.204834
12173,1.199707
12174,1.199707
12175,1.19458
12176,1.189453
12177,1.235596
12178,1.281738
12179,1.286865
12180,1.240723
12181,1.240723
12182,1.240723
12183,1.209961
12184,1.174072
12185,1.189453
12186,1.209961
12187,1.235596
12188,1.250977
12189,1.271484
12190,1.256104
12191,1.266357
12192,1.24585
12193,1.199707
12194,1.174072
12195,1.189453
12196,1.220215
12197,1.204834
12198,1.240723
12199,1.281738
12200,1.297119
12201,1.256104
12202,1.24585
12203,1.209961
12204,1.215088
12205,1.189453
12206,1.204834
12207,1.19458
12208,1.230469
12209,1.286865
12210,1.276611
12211,1.250977
12212,1.240723
12213,1.256104
12214,1.204834
12215,1.184326
12216,1.179199
12217,1.215088
12218,1.225342
12219,1.250977
12220,1.281738
12221,1.250977
12222,1.271484
12223,1.235596
12224,1.199707
12225,1.168945
12226,1.184326
12227,1.209961
12228,1.209961
12229,1.230469
12230,1.276611
12231,1.286865
12232,1.26123
12233,1.24585
12234,1.215088
12235,1.209961
12236,1.189453
12237,1.199707
12238,1.184326
12239,1.235596
12240,1.281738
12241,1.286865
12242,1.240723
12243,1.24585
12244,1.240723
12245,1.199707
12246,1.179199
12247,1.179199
12248,1.220215
12249,1.230469
12250,1.250977
12251,1.271484
12252,1.26123
12253,1.271484
12254,1.240723
12255,1.19458
12256,1.184326
12257,1.184326
12258,1.209961
12259,1.199707
12260,1.235596
12261,1.281738
12262,1.302246
12263,1.250977
12264,1.235596
12265,1.215088
12266,1.204834
12267,1.184326
12268,1.19458
12269,1.189453
12270,1.230469
12271,1.276611
12272,1.276611
12273,1.240723
12274,1.24585
12275,1.24585
12276,1.204834
12277,1.174072
12278,1.179199
12279,1.209961
12280,1.225342
12281,1.240723
12282,1.276611
12283,1.26123
12284,1.271484
12285,1.240723
12286,1.19458
12287,1.179199
12288,1.189453
12289,1.199707
12290,1.209961
12291,1.230469
12292,1.286865
12293,1.291992
12294,1.266357
12295,1.24585
12296,1.230469
12297,1.209961
12298,1.189453
12299,1.199707
12300,1.184326
12301,1.235596
12302,1.271484
12303,1.281738
12304,1.240723
12305,1.256104
12306,1.256104
12307,1.199707
12308,1.179199
12309,1.179199
12310,1.220215
12311,1.220215
12312,1.250977
12313,1.26123
12314,1.266357
12315,1.266357
12316,1.240723
12317,1.199707
12318,1.189453
12319,1.189453
12320,1.199707
12321,1.199707
12322,1.230469
12323,1.286865
12324,1.297119
12325,1.256104
12326,1.235596
12327,1.225342
12328,1.209961
12329,1.179199
12330,1.199707
12331,1.19458
12332,1.235596
12333,1.271484
12334,1.276611
12335,1.24585
12336,1.26123
12337,1.26123
12338,1.204834
12339,1.184326
12340,1.184326
12341,1.220215
12342,1.230469
12343,1.24585
12344,1.281738
12345,1.276611
12346,1.276611
12347,1.240723
12348,1.209961
12349,1.189453
12350,1.19458
12351,1.204834
12352,1.215088
12353,1.235596
12354,1.286865
12355,1.291992
12356,1.256104
12357,1.240723
12358,1.230469
12359,1.215088
12360,1.184326
12361,1.199707
12362,1.189453
12363,1.24585
12364,1.266357
12365,1.286865
12366,1.250977
12367,1.266357
12368,1.26123
12369,1.199707
12370,1.184326
12371,1.189453
12372,1.225342
12373,1.220215
12374,1.250977
12375,1.271484
12376,1.281738
12377,1.271484
12378,1.250977
12379,1.199707
12380,1.199707
12381,1.19458
12382,1.204834
12383,1.199707
12384,1.230469
12385,1.291992
12386,1.286865
12387,1.256104
12388,1.230469
12389,1.235596
12390,1.209961
12391,1.184326
12392,1.189453
12393,1.204834
12394,1.230469
12395,1.26123
12396,1.281738
12397,1.240723
12398,1.266357
12399,1.250977
12400,1.199707
12401,1.184326
12402,1.19458
12403,1.220215
12404,1.215088
12405,1.240723
12406,1.281738
12407,1.281738
12408,1.271484
12409,1.240723
12410,1.209961
12411,1.199707
12412,1.204834
12413,1.199707
12414,1.204834
12415,1.235596
12416,1.291992
12417,1.286865
12418,1.256104
12419,1.240723
12420,1.240723
12421,1.215088
12422,1.174072
12423,1.19458
12424,1.199707
12425,1.24585
12426,1.256104
12427,1.281738
12428,1.24585
12429,1.266357
12430,1.256104
12431,1.19458
12432,1.184326
12433,1.189453
12434,1.220215
12435,1.204834
12436,1.24585
12437,1.276611
12438,1.286865
12439,1.26123
12440,1.24585
12441,1.204834
12442,1.199707
12443,1.19458
12444,1.204834
12445,1.199707
12446,1.235596
12447,1.286865
12448,1.281738
12449,1.250977
12450,1.230469
12451,1.250977
12452,1.209961
12453,1.184326
12454,1.184326
12455,1.209961
12456,1.235596
12457,1.250977
12458,1.281738
12459,1.24585
12460,1.26123
12461,1.250977
12462,1.199707
12463,1.174072
12464,1.184326
12465,1.209961
12466,1.209961
12467,1.235596
12468,1.286865
12469,1.281738
12470,1.26123
12471,1.240723
12472,1.204834
12473,1.204834
12474,1.199707
12475,1.199707
12476,1.19458
12477,1.240723
12478,1.281738
12479,1.286865
12480,1.240723
12481,1.240723
12482,1.235596
12483,1.199707
12484,1.174072
12485,1.184326
12486,1.209961
12487,1.240723
12488,1.250977
12489,1.271484
12490,1.250977
12491,1.266357
12492,1.24585
12493,1.204834
12494,1.174072
12495,1.189453
12496,1.220215
12497,1.204834
12498,1.240723
12499,1.281738
12500,1.297119
12501,1.250977
12502,1.240723
12503,1.204834
12504,1.209961
12505,1.189453
12506,1.204834
12507,1.19458
12508,1.235596
12509,1.286865
12510,1.276611
12511,1.250977
12512,1.235596
12513,1.250977
12514,1.209961
12515,1.184326
12516,1.184326
12517,1.215088
12518,1.235596
12519,1.250977
12520,1.281738
12521,1.250977
12522,1.271484
12523,1.24585
12524,1.204834
12525,1.174072
12526,1.184326
12527,1.209961
12528,1.209961
12529,1.230469
12530,1.281738
12531,1.286865
12532,1.26123
12533,1.240723
12534,1.215088
12535,1.204834
12536,1.189453
12537,1.199707
12538,1.189453
12539,1.235596
12540,1.281738
12541,1.286865
12542,1.24585
12543,1.256104
12544,1.250977
12545,1.204834
12546,1.179199
12547,1.184326
12548,1.209961
12549,1.230469
12550,1.24585
12551,1.26123
12552,1.26123
12553,1.266357
12554,1.24585
12555,1.19458
12556,1.179199
12557,1.189453
12558,1.204834
12559,1.199707
12560,1.235596
12561,1.286865
12562,1.297119
12563,1.250977
12564,1.24585
12565,1.220215
12566,1.209961
12567,1.179199
12568,1.199707
12569,1.19458
12570,1.235596
12571,1.281738
12572,1.281738
12573,1.24585
12574,1.24585
12575,1.256104
12576,1.199707
12577,1.174072
12578,1.174072
12579,1.215088
12580,1.230469
12581,1.24585
12582,1.286865
12583,1.271484
12584,1.276611
12585,1.24585
12586,1.209961
12587,1.184326
12588,1.19458
12589,1.204834
12590,1.220215
12591,1.235596
12592,1.297119
12593,1.297119
12594,1.266357
12595,1.24585
12596,1.230469
12597,1.220215
12598,1.184326
12599,1.204834
12600,1.189453
12601,1.24585
12602,1.281738
12603,1.286865
12604,1.24585
12605,1.256104
12606,1.26123
12607,1.204834
12608,1.184326
12609,1.179199
12610,1.215088
12611,1.225342
12612,1.250977
12613,1.271484
12614,1.266357
12615,1.266357
12616,1.240723
12617,1.199707
12618,1.19458
12619,1.19458
12620,1.204834
12621,1.204834
12622,1.230469
12623,1.291992
12624,1.297119
12625,1.256104
12626,1.240723
12627,1.230469
12628,1.209961
12629,1.179199
12630,1.199707
12631,1.199707
12632,1.240723
12633,1.276611
12634,1.276611
12635,1.240723
12636,1.250977
12637,1.256104
12638,1.204834
12639,1.179199
12640,1.184326
12641,1.209961
12642,1.220215
12643,1.240723
12644,1.281738
12645,1.271484
12646,1.271484
12647,1.240723
12648,1.199707
12649,1.189453
12650,1.19458
12651,1.204834
12652,1.209961
12653,1.230469
12654,1.291992
12655,1.291992
12656,1.26123
12657,1.24585
12658,1.240723
12659,1.215088
12660,1.184326
12661,1.204834
12662,1.19458
12663,1.250977
12664,1.26123
12665,1.286865
12666,1.24585
12667,1.26123
12668,1.256104
12669,1.199707
12670,1.179199
12671,1.184326
12672,1.220215
12673,1.215088
12674,1.24585
12675,1.271484
12676,1.281738
12677,1.266357
12678,1.24585
12679,1.199707
12680,1.204834
12681,1.199707
12682,1.204834
12683,1.204834
12684,1.230469
12685,1.297119
12686,1.286865
12687,1.26123
12688,1.24585
12689,1.24585
12690,1.215088
12691,1.184326
12692,1.199707
12693,1.209961
12694,1.240723
12695,1.266357
12696,1.291992
12697,1.240723
12698,1.266357
12699,1.26123
12700,1.204834
12701,1.189453
12702,1.19458
12703,1.220215
12704,1.225342
12705,1.240723
12706,1.286865
12707,1.276611
12708,1.271484
12709,1.24585
12710,1.209961
12711,1.199707
12712,1.204834
12713,1.199707
12714,1.199707
12715,1.235596
12716,1.286865
12717,1.291992
12718,1.250977
12719,1.240723
12720,1.240723
12721,1.215088
12722,1.179199
12723,1.199707
12724,1.204834
12725,1.24585
12726,1.256104
12727,1.286865
12728,1.250977
12729,1.26123
12730,1.266357
12731,1.209961
12732,1.189453
12733,1.189453
12734,1.225342
12735,1.220215
12736,1.250977
12737,1.281738
12738,1.291992
12739,1.266357
12740,1.256104
12741,1.204834
12742,1.209961
12743,1.199707
12744,1.204834
12745,1.19458
12746,1.235596
12747,1.286865
12748,1.286865
12749,1.256104
12750,1.235596
12751,1.250977
12752,1.209961
12753,1.184326
12754,1.184326
12755,1.204834
12756,1.235596
12757,1.256104
12758,1.286865
12759,1.24585
12760,1.271484
12761,1.256104
12762,1.209961
12763,1.179199
12764,1.189453
12765,1.215088
12766,1.220215
12767,1.240723
12768,1.291992
12769,1.286865
12770,1.266357
12771,1.250977
12772,1.209961
12773,1.209961
12774,1.204834
12775,1.204834
12776,1.199707
12777,1.240723
12778,1.291992
12779,1.291992
12780,1.250977
12781,1.250977
12782,1.256104
12783,1.215088
12784,1.184326
12785,1.19458
12786,1.209961
12787,1.24585
12788,1.250977
12789,1.281738
12790,1.250977
12791,1.266357
12792,1.250977
12793,1.199707
12794,1.179199
12795,1.189453
12796,1.220215
12797,1.204834
12798,1.235596
12799,1.281738
12800,1.297119
12801,1.256104
12802,1.24585
12803,1.204834
12804,1.204834
12805,1.19458
12806,1.199707
12807,1.199707
12808,1.235596
12809,1.286865
12810,1.276611
12811,1.250977
12812,1.240723
12813,1.256104
12814,1.215088
12815,1.184326
12816,1.184326
12817,1.215088
12818,1.235596
12819,1.256104
12820,1.286865
12821,1.26123
12822,1.266357
12823,1.250977
12824,1.204834
12825,1.174072
12826,1.184326
12827,1.209961
12828,1.215088
12829,1.230469
12830,1.286865
12831,1.291992
12832,1.266357
12833,1.24585
12834,1.215088
12835,1.215088
12836,1.199707
12837,1.209961
12838,1.19458
12839,1.24585
12840,1.281738
12841,1.291992
12842,1.24585
12843,1.256104
12844,1.250977
12845,1.209961
12846,1.179199
12847,1.184326
12848,1.215088
12849,1.235596
12850,1.250977
12851,1.276611
12852,1.26123
12853,1.266357
12854,1.24585
12855,1.199707
12856,1.184326
12857,1.19458
12858,1.209961
12859,1.209961
12860,1.235596
12861,1.286865
12862,1.302246
12863,1.250977
12864,1.24585
12865,1.209961
12866,1.215088
