Train_y,Train_pred_y
0.0,0.0007520799999999998
0.002686,0.0022830999999999967
0.002686,0.0026054199999999967
0.002686,0.002632279999999997
0.002686,0.0026859999999999974
0.002686,0.0026859999999999974
0.002686,0.0026859999999999974
0.002686,0.0026859999999999974
0.002686,0.0027128499999999976
0.002686,0.0026859999999999974
0.002686,0.0029545
0.002686,0.0031156000000000014
0.005371,0.004780300000000005
0.005371,0.005236750000000004
0.005371,0.005236750000000004
0.005371,0.005344160000000004
0.005371,0.005397860000000004
0.005371,0.005424720000000004
0.005371,0.005693320000000004
0.005371,0.005666470000000004
0.008057,0.007492949999999993
0.008057,0.00786898999999999
0.008057,0.008056999999999988
0.008057,0.008056999999999988
0.008057,0.008056999999999988
0.008057,0.00803013999999999
0.008057,0.00803013999999999
0.008057,0.008056999999999988
0.008057,0.008056999999999988
0.008057,0.00824494999999999
0.008057,0.008056999999999988
0.008057,0.008110699999999988
0.008057,0.008647699999999993
0.010742,0.009990200000000001
0.010742,0.010742000000000008
0.010742,0.010742000000000008
0.010742,0.010742000000000008
0.010742,0.010742000000000008
0.010742,0.010742000000000008
0.010742,0.010742000000000008
0.010742,0.010742000000000008
0.010742,0.011252340000000007
0.013428,0.013051959999999998
0.013428,0.013374279999999999
0.013428,0.013159399999999996
0.013428,0.013401139999999999
0.013428,0.013427999999999997
0.013428,0.013427999999999997
0.013428,0.013535399999999998
0.013428,0.013535399999999998
0.013428,0.013777049999999999
0.016113,0.015388050000000018
0.016113,0.015978750000000028
0.016113,0.015898200000000026
0.016113,0.016086150000000028
0.016113,0.016113000000000027
0.016113,0.016113000000000027
0.016113,0.016166720000000027
0.016113,0.01613987000000003
0.016113,0.016113020000000026
0.016113,0.017053100000000022
0.018799,0.01850354000000001
0.018799,0.01871842000000001
0.018799,0.01874528000000001
0.018799,0.018772140000000007
0.018799,0.018799000000000007
0.018799,0.018799000000000007
0.018799,0.018799000000000007
0.018799,0.01874528000000001
0.018799,0.018799000000000007
0.018799,0.018799000000000007
0.018799,0.01882585000000001
0.018799,0.019470250000000012
0.021484,0.020571100000000012
0.021484,0.021484000000000045
0.021484,0.021484000000000045
0.021484,0.021484000000000045
0.021484,0.021484000000000045
0.021484,0.021484000000000045
0.021484,0.021484000000000045
0.021484,0.021484000000000045
0.021484,0.021484000000000045
0.021484,0.02148400000000004
0.021484,0.02148400000000004
0.021484,0.02148400000000004
0.021484,0.02148400000000004
0.021484,0.02148400000000004
0.02417,0.024169999999999983
0.02417,0.024169999999999983
0.02417,0.024169999999999983
0.02417,0.024169999999999983
0.02417,0.024169999999999983
0.02417,0.024169999999999983
0.02417,0.024169999999999983
0.02417,0.024169999999999983
0.02417,0.024169999999999983
0.02417,0.024169999999999983
0.02417,0.024169999999999983
0.02417,0.024169999999999983
0.02417,0.024169999999999983
0.02417,0.024331099999999984
0.02417,0.024384799999999984
0.02417,0.02478754999999998
0.026855,0.026317999999999987
0.026855,0.026801299999999983
0.026855,0.026854999999999983
0.026855,0.027069889999999982
0.026855,0.026854999999999983
0.026855,0.026854999999999983
0.026855,0.026854999999999983
0.026855,0.026854999999999983
0.026855,0.026854999999999983
0.026855,0.026854999999999983
0.026855,0.026935579999999987
0.026855,0.026854999999999983
0.026855,0.026854999999999983
0.026855,0.026881859999999987
0.026855,0.026881859999999983
0.026855,0.026854999999999983
0.026855,0.026881859999999987
0.026855,0.027016159999999987
0.026855,0.026989299999999983
0.029541,0.028788920000000016
0.029541,0.029218680000000025
0.029541,0.02954100000000003
0.029541,0.02954100000000003
0.029541,0.02954100000000003
0.029541,0.02954100000000003
0.029541,0.02954100000000003
0.029541,0.029514140000000032
0.029541,0.02954100000000003
0.029541,0.02954100000000003
0.029541,0.02954100000000003
0.029541,0.02954100000000003
0.029541,0.02943358000000003
0.029541,0.02943358000000003
0.029541,0.02954100000000003
0.029541,0.029353010000000027
0.029541,0.02954100000000003
0.029541,0.02954100000000003
0.029541,0.02954100000000003
0.029541,0.02954100000000003
0.029541,0.02954100000000003
0.029541,0.02954100000000003
0.029541,0.02954100000000003
0.029541,0.02954100000000003
0.029541,0.02954100000000003
0.029541,0.02954100000000003
0.029541,0.02954100000000003
0.029541,0.02964844000000003
0.032227,0.03155549999999995
0.032227,0.032173279999999915
0.032227,0.032226999999999915
0.032227,0.032226999999999915
0.032227,0.032226999999999915
0.032227,0.032226999999999915
0.032227,0.032226999999999915
0.032227,0.032226999999999915
0.032227,0.032226999999999915
0.032227,0.032226999999999915
0.032227,0.032226999999999915
0.032227,0.032226999999999915
0.032227,0.032226999999999915
0.032227,0.032226999999999915
0.032227,0.032226999999999915
0.032227,0.032226999999999915
0.032227,0.032226999999999915
0.032227,0.032226999999999915
0.032227,0.032226999999999915
0.032227,0.032226999999999915
0.032227,0.032226999999999915
0.032227,0.032226999999999915
0.032227,0.032226999999999915
0.032227,0.032226999999999915
0.032227,0.032226999999999915
0.032227,0.032226999999999915
0.032227,0.032226999999999915
0.032227,0.032226999999999915
0.032227,0.032226999999999915
0.032227,0.032226999999999915
0.032227,0.032226999999999915
0.032227,0.032226999999999915
0.032227,0.032226999999999915
0.032227,0.032226999999999915
0.032227,0.032226999999999915
0.032227,0.032226999999999915
0.032227,0.032226999999999915
0.032227,0.032226999999999915
0.032227,0.032226999999999915
0.032227,0.032226999999999915
0.032227,0.032226999999999915
0.032227,0.032226999999999915
0.032227,0.032226999999999915
0.032227,0.032226999999999915
0.032227,0.032226999999999915
0.032227,0.032226999999999915
0.032227,0.032226999999999915
0.032227,0.032226999999999915
0.032227,0.032226999999999915
0.032227,0.032226999999999915
0.032227,0.032226999999999915
0.032227,0.03254923999999992
0.032227,0.032226999999999915
0.032227,0.032226999999999915
0.032227,0.032226999999999915
0.032227,0.032226999999999915
0.032227,0.032253849999999924
0.032227,0.032253849999999924
0.032227,0.03228069999999992
0.032227,0.03228069999999992
0.032227,0.03241494999999992
0.032227,0.03303249999999993
0.034912,0.034697199999999935
0.034912,0.034885149999999934
0.034912,0.034911999999999936
0.034912,0.034911999999999936
0.034912,0.034911999999999936
0.034912,0.034911999999999936
0.034912,0.034911999999999936
0.034912,0.034911999999999936
0.034912,0.034911999999999936
0.034912,0.034911999999999936
0.034912,0.034911999999999936
0.034912,0.034911999999999936
0.034912,0.034911999999999936
0.034912,0.034911999999999936
0.034912,0.034911999999999936
0.034912,0.034911999999999936
0.034912,0.034911999999999936
0.034912,0.034911999999999936
0.034912,0.034911999999999936
0.034912,0.034911999999999936
0.034912,0.034911999999999936
0.034912,0.034911999999999936
0.034912,0.034911999999999936
0.034912,0.034911999999999936
0.034912,0.034911999999999936
0.034912,0.034911999999999936
0.034912,0.034911999999999936
0.034912,0.034911999999999936
0.034912,0.034911999999999936
0.034912,0.034911999999999936
0.034912,0.034911999999999936
0.034912,0.034911999999999936
0.034912,0.034911999999999936
0.034912,0.034911999999999936
0.034912,0.034911999999999936
0.034912,0.034911999999999936
0.034912,0.034911999999999936
0.034912,0.034911999999999936
0.034912,0.034911999999999936
0.034912,0.034911999999999936
0.034912,0.034911999999999936
0.034912,0.034911999999999936
0.034912,0.034911999999999936
0.034912,0.034911999999999936
0.034912,0.034911999999999936
0.034912,0.034911999999999936
0.034912,0.034911999999999936
0.034912,0.034911999999999936
0.034912,0.034911999999999936
0.034912,0.034911999999999936
0.034912,0.034911999999999936
0.034912,0.034911999999999936
0.034912,0.034911999999999936
0.034912,0.034911999999999936
0.034912,0.034911999999999936
0.034912,0.034911999999999936
0.034912,0.034911999999999936
0.02417,0.024169999999999983
0.02417,0.024169999999999983
0.02417,0.024169999999999983
0.02417,0.024169999999999983
0.02417,0.024169999999999983
0.02417,0.024169999999999983
0.02417,0.024169999999999983
0.02417,0.024169999999999983
0.02417,0.024169999999999983
0.02417,0.024169999999999983
0.02417,0.024169999999999983
0.02417,0.024169999999999983
0.02417,0.024169999999999983
0.02417,0.024169999999999983
0.02417,0.024169999999999983
0.02417,0.024169999999999983
0.02417,0.024169999999999983
0.02417,0.024169999999999983
0.02417,0.024169999999999983
0.02417,0.024169999999999983
0.02417,0.024169999999999983
0.02417,0.024169999999999983
0.02417,0.024169999999999983
0.02417,0.024169999999999983
0.02417,0.02309560000000001
0.02417,0.023176180000000005
0.021484,0.021537750000000026
0.021484,0.02210178000000002
0.021484,0.021510860000000038
0.021484,0.021457170000000036
0.021484,0.021537720000000034
0.021484,0.021510860000000038
0.021484,0.021510860000000038
0.021484,0.02151086000000003
0.021484,0.02148400000000004
0.021484,0.021242400000000026
0.021484,0.021672020000000035
0.021484,0.02148400000000004
0.021484,0.02151086000000003
0.021484,0.02148400000000004
0.021484,0.02148400000000004
0.021484,0.021618300000000028
0.021484,0.02153772000000004
0.021484,0.02153772000000004
0.021484,0.02148400000000004
0.021484,0.02148400000000003
0.021484,0.021484020000000034
0.021484,0.02148400000000004
0.021484,0.021537720000000034
0.021484,0.02159144000000003
0.021484,0.021860040000000032
0.021484,0.02148400000000004
0.021484,0.021510860000000038
0.021484,0.02148400000000004
0.021484,0.02148400000000004
0.021484,0.021484000000000045
0.021484,0.021296050000000025
0.021484,0.021484000000000045
0.021484,0.021484000000000045
0.021484,0.021484000000000045
0.021484,0.021484000000000045
0.021484,0.021457150000000046
0.021484,0.021510860000000038
0.021484,0.021457150000000046
0.021484,0.021430300000000044
0.021484,0.02148400000000003
0.021484,0.02126920000000003
0.021484,0.021564580000000024
0.021484,0.02134975000000004
0.021484,0.021484000000000045
0.021484,0.021698880000000035
0.021484,0.021484000000000045
0.021484,0.021484000000000045
0.021484,0.021484000000000045
0.021484,0.021564580000000028
0.021484,0.021484000000000038
0.021484,0.021484000000000038
0.021484,0.021564580000000035
0.021484,0.021484000000000045
0.021484,0.02148400000000004
0.021484,0.02148400000000004
0.021484,0.02151087000000003
0.021484,0.021484000000000038
0.021484,0.021484020000000034
0.021484,0.021457150000000036
0.021484,0.021510860000000038
0.021484,0.021484000000000027
0.021484,0.021403450000000036
0.021484,0.02148400000000003
0.021484,0.021457150000000032
0.021484,0.021672020000000028
0.021484,0.021484000000000027
0.021484,0.021457150000000032
0.021484,0.02143030000000003
0.021484,0.021484000000000045
0.021484,0.021484000000000045
0.021484,0.021484000000000045
0.021484,0.021484000000000038
0.021484,0.02175260000000003
0.021484,0.02148402000000003
0.018799,0.01981931000000002
0.021484,0.02054425000000001
0.018799,0.018799000000000007
0.018799,0.018799000000000007
0.018799,0.018799000000000007
0.018799,0.018799000000000007
0.018799,0.018799000000000007
0.018799,0.018799000000000007
0.018799,0.018799000000000007
0.018799,0.018799000000000007
0.018799,0.018799000000000007
0.018799,0.018799000000000007
0.018799,0.018799000000000007
0.018799,0.018799000000000007
0.018799,0.018799000000000007
0.018799,0.018799000000000007
0.018799,0.018799000000000007
0.018799,0.018799000000000007
0.018799,0.018799000000000007
0.018799,0.018799000000000007
0.018799,0.018799000000000007
0.018799,0.01922860000000001
0.018799,0.018799000000000007
0.018799,0.018799000000000007
0.018799,0.018799000000000007
0.018799,0.019362850000000008
0.018799,0.018799000000000007
0.018799,0.018799000000000007
0.018799,0.018799000000000007
0.018799,0.018799000000000007
0.018799,0.018799000000000007
0.018799,0.018799000000000007
0.018799,0.018799000000000007
0.018799,0.018799000000000007
0.018799,0.018799000000000007
0.018799,0.018799000000000007
0.018799,0.018799000000000007
0.018799,0.018799000000000007
0.018799,0.018799000000000007
0.018799,0.018799000000000007
0.018799,0.01928230000000001
0.018799,0.018799000000000007
0.018799,0.018799000000000007
0.018799,0.018799000000000007
0.018799,0.018799000000000007
0.018799,0.018799000000000007
0.018799,0.018799000000000007
0.018799,0.018799000000000007
0.018799,0.018799000000000007
0.018799,0.01874528000000001
0.018799,0.018799000000000007
0.018799,0.018799000000000007
0.018799,0.018799000000000007
0.018799,0.01871842000000001
0.018799,0.018799000000000007
0.018799,0.018799000000000007
0.018799,0.018799000000000007
0.018799,0.018799000000000007
0.018799,0.018799000000000007
0.018799,0.018799000000000007
0.018799,0.018799000000000007
0.018799,0.018799000000000007
0.018799,0.018799000000000007
0.018799,0.018799000000000007
0.018799,0.018799000000000007
0.018799,0.018799000000000007
0.018799,0.018799000000000007
0.018799,0.01874528000000001
0.018799,0.01866470000000001
0.018799,0.018772140000000007
0.016113,0.016381600000000024
0.018799,0.018799000000000007
0.018799,0.01844982000000001
0.018799,0.018799000000000007
0.021484,0.021349750000000035
0.018799,0.017966340000000015
0.016113,0.016811360000000025
0.016113,0.016999380000000022
0.016113,0.016542760000000024
0.016113,0.01549544000000002
0.013428,0.013347409999999997
0.013428,0.013266839999999997
0.010742,0.010956880000000009
0.010742,0.010795720000000009
0.010742,0.009855950000000004
0.008057,0.008137549999999988
0.008057,0.00821808999999999
0.005371,0.005881340000000002
0.005371,0.005505340000000003
0.002686,0.0027396899999999978
0.002686,0.0026054199999999967
0.0,5.372e-05
0.0,5.372e-05
0.0,8.057999999999999e-05
0.0,5.372e-05
0.002686,0.002175659999999997
0.002686,0.002632249999999997
0.005371,0.005532170000000003
0.005371,0.005747040000000002
0.008057,0.007278059999999994
0.008057,0.007385499999999993
0.008057,0.00837919999999999
0.008057,0.008164399999999988
0.008057,0.008298649999999989
0.008057,0.008218099999999989
0.008057,0.008406049999999991
0.010742,0.009748550000000002
0.010742,0.010742000000000008
0.010742,0.010742000000000008
0.010742,0.010742000000000008
0.010742,0.010742000000000008
0.010742,0.010742000000000008
0.010742,0.010742000000000008
0.010742,0.010742000000000008
0.010742,0.010742000000000008
0.010742,0.010715150000000008
0.010742,0.010715150000000008
0.010742,0.012058140000000005
0.013428,0.013347419999999997
0.013428,0.013427999999999997
0.013428,0.013401139999999995
0.013428,0.013427999999999997
0.013428,0.013401139999999999
0.013428,0.013401139999999995
0.013428,0.013374279999999995
0.013428,0.013454839999999997
0.013428,0.013481699999999996
0.029541,0.029487280000000032
0.029541,0.029541000000000026
0.029541,0.02975588000000002
0.029541,0.02959472000000003
0.029541,0.029567860000000033
0.029541,0.02943358000000003
0.029541,0.029621580000000026
0.029541,0.029675300000000022
0.029541,0.029675300000000026
0.029541,0.02956786000000003
0.029541,0.02954100000000003
0.029541,0.02959472000000003
0.029541,0.029702160000000023
0.029541,0.02983646000000002
0.029541,0.029675300000000022
0.032227,0.03171665999999993
0.032227,0.03177037999999993
0.032227,0.03195839999999993
0.032227,0.032119559999999915
0.032227,0.03209269999999992
0.032227,0.032226999999999915
0.032227,0.032226999999999915
0.032227,0.03220013999999992
0.032227,0.03211955999999992
0.032227,0.03220013999999992
0.032227,0.032226999999999915
0.032227,0.032226999999999915
0.032227,0.032226999999999915
0.032227,0.032226999999999915
0.032227,0.032226999999999915
0.032227,0.032226999999999915
0.032227,0.032226999999999915
0.032227,0.032226999999999915
0.032227,0.032226999999999915
0.032227,0.032226999999999915
0.032227,0.032226999999999915
0.032227,0.032226999999999915
0.032227,0.032226999999999915
0.032227,0.032226999999999915
0.032227,0.032226999999999915
0.032227,0.032226999999999915
0.032227,0.032226999999999915
0.032227,0.032226999999999915
0.032227,0.032226999999999915
0.032227,0.03220013999999992
0.034912,0.034911999999999936
0.034912,0.034911999999999936
0.034912,0.034911999999999936
0.034912,0.034911999999999936
0.034912,0.034911999999999936
0.034912,0.034911999999999936
0.034912,0.034911999999999936
0.034912,0.034911999999999936
0.034912,0.034911999999999936
0.034912,0.034911999999999936
0.034912,0.034911999999999936
0.034912,0.03483144999999994
0.034912,0.034911999999999936
0.034912,0.034911999999999936
0.034912,0.034911999999999936
0.034912,0.034911999999999936
0.034912,0.034911999999999936
0.034912,0.034911999999999936
0.034912,0.034911999999999936
0.034912,0.03485829999999993
0.034912,0.034911999999999936
0.034912,0.034911999999999936
0.034912,0.034911999999999936
0.034912,0.034911999999999936
0.034912,0.034911999999999936
0.034912,0.034911999999999936
0.034912,0.034911999999999936
0.034912,0.034911999999999936
0.034912,0.034911999999999936
0.034912,0.034911999999999936
0.034912,0.034911999999999936
0.034912,0.034911999999999936
0.034912,0.034911999999999936
0.034912,0.034911999999999936
0.034912,0.034911999999999936
0.034912,0.034911999999999936
0.034912,0.034911999999999936
0.034912,0.034911999999999936
0.034912,0.034911999999999936
0.034912,0.034911999999999936
0.034912,0.034911999999999936
0.034912,0.034911999999999936
0.034912,0.034911999999999936
0.034912,0.034911999999999936
0.034912,0.03550291999999996
0.034912,0.03595953999999998
0.037598,0.03757114000000002
0.037598,0.03759800000000001
0.037598,0.03757114000000002
0.037598,0.03684592
0.037598,0.03730254000000001
0.037598,0.03759800000000001
0.037598,0.03759800000000001
0.037598,0.03757114000000002
0.037598,0.03757114000000002
0.037598,0.03759800000000001
0.037598,0.03759800000000001
0.037598,0.03759800000000001
0.037598,0.03759800000000001
0.037598,0.03757114000000002
0.037598,0.03759800000000001
0.037598,0.03749056000000001
0.037598,0.03749056000000001
0.037598,0.03759800000000001
0.037598,0.03759800000000001
0.037598,0.03759800000000001
0.037598,0.03759800000000001
0.037598,0.03759800000000001
0.037598,0.03757114000000002
0.037598,0.03757114000000002
0.037598,0.03759800000000001
0.037598,0.03759800000000001
0.037598,0.03759800000000001
0.037598,0.03759800000000001
0.037598,0.03759800000000001
0.037598,0.03759800000000001
0.037598,0.03759800000000001
0.037598,0.037275670000000004
0.037598,0.03759800000000001
0.037598,0.03759800000000001
0.037598,0.03759800000000001
0.037598,0.03759800000000001
0.037598,0.03759800000000001
0.037598,0.03759800000000001
0.037598,0.03759800000000001
0.037598,0.03759800000000001
0.037598,0.03759800000000001
0.037598,0.03759800000000001
0.037598,0.03759800000000001
0.037598,0.03759800000000001
0.037598,0.03759800000000001
0.037598,0.03759800000000001
0.037598,0.03759800000000001
0.037598,0.03757114000000002
0.037598,0.03759800000000001
0.037598,0.03759800000000001
0.037598,0.03759800000000001
0.037598,0.03759800000000001
0.037598,0.03759800000000001
0.037598,0.03759800000000001
0.037598,0.03759800000000001
0.037598,0.03759800000000001
0.037598,0.037624850000000015
0.037598,0.03789335000000002
0.037598,0.03775910000000002
0.037598,0.03746366000000001
0.037598,0.03829610000000003
0.037598,0.03786650000000002
0.037598,0.03813500000000002
0.037598,0.03775910000000002
0.037598,0.03821555000000002
0.037598,0.038269250000000025
0.037598,0.037732250000000016
0.037598,0.03797390000000002
0.037598,0.03821555000000002
0.037598,0.03802760000000002
0.037598,0.03778595000000002
0.037598,0.038376650000000026
0.037598,0.03810815000000003
0.037598,0.03789335000000002
0.037598,0.03775910000000002
0.037598,0.03802760000000002
0.037598,0.037839650000000016
0.037598,0.03781280000000002
0.037598,0.037732250000000016
0.037598,0.03783965000000002
0.037598,0.037732250000000016
0.037598,0.03789335000000002
0.040283,0.03998765000000005
0.040283,0.040041350000000045
0.040283,0.040256150000000046
0.040283,0.040256150000000046
0.040283,0.04017560000000004
0.040283,0.040256150000000046
0.040283,0.040229300000000044
0.040283,0.04020245000000004
0.040283,0.04020245000000004
0.040283,0.039799700000000035
0.040283,0.039692300000000034
0.040283,0.03953120000000004
0.040283,0.03982655000000004
0.040283,0.039853400000000046
0.040283,0.03977285000000004
0.040283,0.03955805000000004
0.040283,0.03953120000000004
0.040283,0.039853400000000046
0.040283,0.03977285000000004
0.040283,0.040014500000000036
0.040283,0.039504350000000035
0.040283,0.03985340000000004
0.040283,0.040041350000000045
0.040283,0.040148750000000046
0.040283,0.04028300000000004
0.040283,0.04028300000000004
0.040283,0.040014500000000036
0.040283,0.04006820000000004
0.040283,0.04006820000000004
0.040283,0.03996080000000004
0.040283,0.03988025000000004
0.042969,0.04361347999999996
0.042969,0.04543960999999996
0.04834,0.04648697999999998
0.051025,0.05083706000000006
0.056396,0.05572485000000001
0.064453,0.06445306000000008
0.069824,0.06864246999999994
0.07251,0.07216082000000007
0.069824,0.07062980999999997
0.069824,0.0697702999999999
0.069824,0.06931384999999994
0.067139,0.06697784000000005
0.067139,0.06711214000000006
0.067139,0.06692413000000004
0.067139,0.06711214000000006
0.067139,0.06716585000000004
0.067139,0.06711214000000006
0.067139,0.06646750000000008
0.064453,0.06469475000000009
0.064453,0.06477532000000008
0.064453,0.06439931000000007
0.064453,0.06429190000000007
0.064453,0.06442616000000008
0.064453,0.06407715000000004
0.061768,0.06292254999999997
0.061768,0.061741139999999896
0.061768,0.061741139999999896
0.061768,0.06176799999999989
0.061768,0.061741139999999896
0.061768,0.061741139999999896
0.059082,0.05918944000000005
0.059082,0.059055140000000055
0.059082,0.05902828000000006
0.059082,0.059055140000000055
0.059082,0.05822252000000006
0.056396,0.056664600000000044
0.056396,0.056557160000000044
0.056396,0.05628861000000003
0.056396,0.056234910000000034
0.053711,0.053791539999999916
0.053711,0.053791539999999916
0.053711,0.05373783999999992
0.053711,0.05376466999999992
0.051025,0.050837060000000066
0.051025,0.050998160000000056
0.051025,0.05105188000000006
0.051025,0.051078730000000065
0.053711,0.053737849999999907
0.053711,0.05371099999999991
0.053711,0.05371099999999991
0.053711,0.05371099999999991
0.053711,0.05371099999999991
0.053711,0.053737849999999907
0.053711,0.05371099999999991
0.053711,0.053737849999999907
0.056396,0.05631547000000003
0.056396,0.05634230000000004
0.056396,0.05634230000000004
0.056396,0.05634231000000004
0.056396,0.056718320000000044
0.059082,0.058303080000000056
0.059082,0.05913572000000006
0.059082,0.05918944000000005
0.059082,0.059243160000000045
0.061768,0.061660559999999906
0.061768,0.061660559999999906
0.061768,0.061660559999999906
0.061768,0.0617142799999999
0.061768,0.06241242999999993
0.064453,0.06458731000000009
0.064453,0.06472160000000009
0.064453,0.0644261600000001
0.064453,0.06517822000000009
0.067139,0.06673610000000008
0.067139,0.06660180000000007
0.067139,0.06711214000000006
0.067139,0.06711214000000006
0.069824,0.0698239999999999
0.069824,0.0698240099999999
0.069824,0.06979716999999991
0.069824,0.07022689999999993
0.069824,0.06993143999999991
0.069824,0.06960919999999991
0.069824,0.07014631999999994
0.069824,0.0699045899999999
0.069824,0.06985085999999989
0.069824,0.0698239999999999
0.069824,0.07009259999999991
0.069824,0.0698777199999999
0.07251,0.07208024000000007
0.07251,0.0725100000000001
0.07251,0.0725100000000001
0.07251,0.0725100000000001
0.07251,0.0725100000000001
0.07251,0.0725100000000001
0.07251,0.0725100000000001
0.07251,0.0725100000000001
0.07251,0.0725100000000001
0.07251,0.0725100000000001
0.07251,0.0725100000000001
0.07251,0.0725100000000001
0.07251,0.0725100000000001
0.07251,0.0725100000000001
0.07251,0.0725100000000001
0.07251,0.0725100000000001
0.07251,0.0725100000000001
0.07251,0.0725100000000001
0.07251,0.0725100000000001
0.07251,0.0725100000000001
0.07251,0.0725100000000001
0.07251,0.0725100000000001
0.07251,0.0725100000000001
0.07251,0.0725100000000001
0.07251,0.0725100000000001
0.07251,0.0725100000000001
0.07251,0.0725100000000001
0.07251,0.0725100000000001
0.07251,0.0725100000000001
0.07251,0.0725100000000001
0.07251,0.0725100000000001
0.07251,0.0725100000000001
0.07251,0.0725100000000001
0.07251,0.0725100000000001
0.07251,0.0725100000000001
0.07251,0.07216082000000008
0.07251,0.07175792000000002
0.07251,0.07183850000000004
0.069824,0.0701194599999999
0.069824,0.07022689999999993
0.069824,0.0698239999999999
0.069824,0.0698239999999999
0.069824,0.0697434499999999
0.069824,0.06977032999999992
0.069824,0.0698508599999999
0.069824,0.0699582999999999
0.069824,0.0698239999999999
0.069824,0.0698239999999999
0.069824,0.0695823499999999
0.069824,0.06990457999999988
0.069824,0.0699314399999999
0.069824,0.0697703199999999
0.069824,0.06931387999999992
0.067139,0.06805190000000001
0.067139,0.06713900000000005
0.067139,0.06713900000000005
0.067139,0.06716583000000004
0.067139,0.06711214000000006
0.067139,0.06713900000000005
0.067139,0.06711214000000006
0.067139,0.06713899000000005
0.067139,0.06711214000000006
0.067139,0.06713900000000005
0.067139,0.06711214000000006
0.067139,0.06681668000000006
0.067139,0.06649436000000007
0.064453,0.0646410400000001
0.064453,0.06453358000000009
0.064453,0.06453358000000009
0.064453,0.0645604400000001
0.064453,0.06458730000000008
0.064453,0.06442619000000008
0.037598,0.03843038000000003
0.037598,0.03759800000000001
0.037598,0.03759800000000001
0.037598,0.03759800000000001
0.037598,0.03759800000000001
0.034912,0.034885149999999934
0.034912,0.034804599999999936
0.034912,0.03483144999999994
0.034912,0.03467034999999993
0.034912,0.034187049999999934
0.032227,0.03311304999999992
0.032227,0.032226999999999915
0.032227,0.032226999999999915
0.032227,0.032226999999999915
0.032227,0.03185095999999993
0.032227,0.03158235999999995
0.029541,0.03042737999999999
0.029541,0.02951414000000003
0.029541,0.029621580000000022
0.029541,0.02956786000000003
0.029541,0.02964844000000003
0.029541,0.028708350000000014
0.026855,0.02712359999999999
0.026855,0.027284759999999988
0.026855,0.027016159999999977
0.026855,0.026881859999999983
0.026855,0.026935579999999987
0.026855,0.026908719999999983
0.02417,0.024492219999999985
0.02417,0.024169999999999983
0.02417,0.024169999999999983
0.02417,0.024169999999999983
0.02417,0.024169999999999983
0.02417,0.024169999999999983
0.021484,0.021403450000000032
0.021484,0.021403450000000032
0.021484,0.02089330000000002
0.021484,0.02110810000000003
0.021484,0.021215510000000024
0.021484,0.021161800000000026
0.018799,0.019765600000000022
0.018799,0.018799000000000007
0.018799,0.018799000000000007
0.018799,0.01874528000000001
0.018799,0.018799000000000007
0.018799,0.01874528000000001
0.018799,0.018799000000000007
0.016113,0.016220440000000023
0.016113,0.016193580000000027
0.016113,0.01603251000000002
0.016113,0.015951900000000026
0.016113,0.016086150000000025
0.016113,0.016032450000000024
0.016113,0.01549544000000002
0.013428,0.014152950000000004
0.013428,0.013481699999999996
0.013428,0.013454849999999996
0.013428,0.013454849999999996
0.013428,0.013535399999999998
0.013428,0.013320549999999997
0.013428,0.013347419999999997
0.013428,0.013374269999999997
0.010742,0.011386640000000009
0.010742,0.010742000000000008
0.010742,0.010742000000000008
0.010742,0.010742000000000008
0.010742,0.010742000000000008
0.010742,0.010742000000000008
0.010742,0.0097754
0.008057,0.008164399999999988
0.008057,0.00824494999999999
0.008057,0.008083849999999988
0.008057,0.008083849999999988
0.008057,0.008083849999999988
0.008057,0.008083849999999988
0.008057,0.008056989999999988
0.008057,0.008083839999999988
0.005371,0.0054515800000000045
0.005371,0.005344150000000004
0.005371,0.005532160000000004
0.005371,0.005424720000000004
0.005371,0.005451580000000004
0.005371,0.004807170000000005
0.005371,0.005344160000000004
0.005371,0.005317310000000004
0.005371,0.005209910000000004
0.002686,0.003625760000000004
0.002686,0.002632279999999997
0.002686,0.0026054199999999967
0.002686,0.002632279999999997
0.002686,0.0025785599999999962
0.002686,0.002497979999999996
0.002686,0.002417399999999996
0.002686,0.002390539999999996
0.002686,0.0021487999999999967
0.0,0.0008595199999999996
0.0,0.0
0.0,0.0
0.0,0.0
0.0,2.686e-05
0.0,0.0
0.0,0.0
0.0,0.0
0.0,0.0
0.0,2.6860000000000004e-05
0.0,8.057999999999999e-05
0.0,0.0
0.0,2.6860000000000004e-05
0.0,0.0
0.0,2.6859999999999997e-05
0.0,0.0
0.0,0.0004834800000000001
0.0,0.0008595199999999996
0.002686,0.001960779999999997
0.002686,0.002390539999999996
0.002686,0.002551699999999996
0.002686,0.002659139999999997
0.002686,0.0026054199999999967
0.002686,0.0025785599999999962
0.002686,0.002659139999999997
0.002686,0.0025785599999999962
0.002686,0.0026054199999999967
0.002686,0.0025785599999999962
0.002686,0.003357250000000002
0.005371,0.004968250000000005
0.005371,0.005344160000000004
0.005371,0.005371010000000005
0.005371,0.005290460000000005
0.005371,0.005505300000000004
0.005371,0.005639600000000003
0.005371,0.005371000000000004
0.005371,0.005424720000000004
0.005371,0.005451580000000004
0.005371,0.005666490000000004
0.005371,0.005747060000000005
0.008057,0.007278059999999994
0.008057,0.007519799999999992
0.008057,0.008056999999999988
0.008057,0.00819124999999999
0.008057,0.008083849999999988
0.008057,0.008110699999999988
0.008057,0.008110699999999988
0.008057,0.00808384999999999
0.008057,0.00808384999999999
0.008057,0.008056999999999988
0.008057,0.008137549999999988
0.008057,0.008271799999999989
0.010742,0.0096143
0.010742,0.010742000000000008
0.010742,0.010742000000000008
0.010742,0.010742000000000008
0.010742,0.010742000000000008
0.010742,0.010742000000000008
0.010742,0.010742000000000008
0.010742,0.010742000000000008
0.010742,0.010742000000000008
0.010742,0.010742000000000008
0.010742,0.010742000000000008
0.010742,0.010742000000000008
0.021484,0.021484000000000045
0.021484,0.021484000000000045
0.021484,0.021484000000000045
0.021484,0.021484000000000045
0.021484,0.021484000000000045
0.021484,0.021484000000000045
0.021484,0.021484000000000045
0.021484,0.021484000000000045
0.021484,0.021484000000000045
0.021484,0.021484000000000045
0.021484,0.021484000000000045
0.021484,0.021484000000000045
0.021484,0.02151086000000004
0.021484,0.02153772000000004
0.021484,0.021484000000000045
0.021484,0.021484000000000045
0.021484,0.021484000000000045
0.021484,0.021484000000000045
0.021484,0.02153772000000004
0.021484,0.021484000000000045
0.021484,0.021484000000000045
0.021484,0.021484000000000045
0.021484,0.021484000000000045
0.021484,0.021484000000000045
0.021484,0.021484000000000045
0.021484,0.021484000000000045
0.021484,0.021484000000000045
0.021484,0.021484000000000045
0.021484,0.021484000000000045
0.021484,0.021484000000000045
0.021484,0.021484000000000045
0.021484,0.021484000000000045
0.021484,0.021484000000000045
0.021484,0.021484000000000045
0.021484,0.021484000000000045
0.021484,0.021484000000000045
0.021484,0.021484000000000045
0.021484,0.021484000000000045
0.021484,0.021484000000000045
0.021484,0.021484000000000045
0.021484,0.021484000000000045
0.021484,0.021484000000000045
0.021484,0.021484000000000045
0.021484,0.02148400000000003
0.021484,0.02148400000000003
0.021484,0.02148400000000003
0.021484,0.02148400000000003
0.021484,0.021484000000000045
0.021484,0.021484000000000045
0.021484,0.021484000000000045
0.021484,0.021484000000000045
0.021484,0.021484000000000045
0.021484,0.021484000000000045
0.021484,0.021484000000000045
0.021484,0.021484000000000045
0.021484,0.021484000000000045
0.021484,0.021484000000000045
0.021484,0.021484000000000045
0.021484,0.021484000000000045
0.021484,0.021484000000000045
0.021484,0.021484000000000045
0.021484,0.021484000000000045
0.021484,0.021484000000000045
0.021484,0.021484000000000045
0.021484,0.021484000000000045
0.021484,0.021484000000000045
0.021484,0.021484000000000045
0.021484,0.021484000000000045
0.021484,0.021484000000000045
0.021484,0.021484000000000045
0.021484,0.021484000000000045
0.021484,0.021484000000000045
0.021484,0.021484000000000045
0.021484,0.021484000000000017
0.021484,0.021484000000000017
0.021484,0.021484000000000017
0.021484,0.020839600000000017
0.018799,0.019577650000000012
0.018799,0.019362850000000008
0.021484,0.020383150000000013
0.018799,0.019067500000000008
0.018799,0.01885270000000001
0.018799,0.01885270000000001
0.018799,0.01887955000000001
0.018799,0.019309150000000008
0.021484,0.020463700000000015
0.018799,0.01938970000000001
0.018799,0.01882585000000001
0.018799,0.018799000000000007
0.018799,0.018799000000000007
0.018799,0.018799000000000007
0.018799,0.018799000000000007
0.018799,0.018799000000000007
0.018799,0.018799000000000007
0.018799,0.018799000000000007
0.018799,0.018799000000000007
0.018799,0.018799000000000007
0.018799,0.018799000000000007
0.018799,0.018799000000000007
0.018799,0.018799000000000007
0.018799,0.018799000000000007
0.018799,0.018799000000000007
0.018799,0.018799000000000007
0.018799,0.018799000000000007
0.018799,0.018799000000000007
0.018799,0.018799000000000007
0.018799,0.018799000000000007
0.018799,0.018799000000000007
0.018799,0.018799000000000007
0.018799,0.018799000000000007
0.018799,0.018799000000000007
0.018799,0.018799000000000007
0.018799,0.018799000000000007
0.018799,0.018799000000000007
0.018799,0.018799000000000007
0.018799,0.018799000000000007
0.018799,0.018799000000000007
0.018799,0.018799000000000007
0.018799,0.018799000000000007
0.018799,0.018799000000000007
0.018799,0.018799000000000007
0.018799,0.018799000000000007
0.018799,0.018799000000000007
0.018799,0.018799000000000007
0.018799,0.018799000000000007
0.018799,0.018799000000000007
0.018799,0.018799000000000007
0.018799,0.018799000000000007
0.018799,0.018799000000000007
0.018799,0.018799000000000007
0.018799,0.018799000000000007
0.018799,0.018799000000000007
0.018799,0.018799000000000007
0.018799,0.018799000000000007
0.018799,0.018799000000000007
0.018799,0.018799000000000007
0.018799,0.018799000000000007
0.018799,0.018799000000000007
0.018799,0.018799000000000007
0.018799,0.018799000000000007
0.018799,0.018799000000000007
0.018799,0.018799000000000007
0.018799,0.018799000000000007
0.018799,0.018799000000000007
0.018799,0.018799000000000007
0.018799,0.018799000000000007
0.018799,0.018799000000000007
0.018799,0.018799000000000007
0.018799,0.018799000000000007
0.018799,0.018799000000000007
0.018799,0.018799000000000007
0.018799,0.018799000000000007
0.018799,0.018799000000000007
0.018799,0.018799000000000007
0.018799,0.018799000000000007
0.018799,0.018799000000000007
0.018799,0.018799000000000007
0.018799,0.018799000000000007
0.018799,0.018799000000000007
0.018799,0.018799000000000007
0.018799,0.018799000000000007
0.018799,0.018799000000000007
0.018799,0.018799000000000007
0.018799,0.018799000000000007
0.018799,0.018799000000000007
0.018799,0.018799000000000007
0.018799,0.018799000000000007
0.018799,0.018799000000000007
0.018799,0.018799000000000007
0.018799,0.018799000000000007
0.018799,0.018799000000000007
0.018799,0.018799000000000007
0.018799,0.018799000000000007
0.018799,0.018799000000000007
0.018799,0.018799000000000007
0.018799,0.018799000000000007
0.018799,0.018799000000000007
0.018799,0.018799000000000007
0.018799,0.018799000000000007
0.018799,0.018799000000000007
0.018799,0.018799000000000007
0.018799,0.018799000000000007
0.018799,0.018799000000000007
0.018799,0.018799000000000007
0.018799,0.018799000000000007
0.018799,0.01874528000000001
0.018799,0.01871842000000001
0.018799,0.01855726000000001
0.016113,0.017214260000000023
0.013428,0.012380460000000003
0.008057,0.00819115999999999
0.0,0.00034918000000000004
0.010742,0.011252300000000008
0.02417,0.027795429999999975
0.040283,0.044714199999999996
0.059082,0.07438957000000004
0.083252,0.08615229999999997
0.110107,0.10629366999999991
0.139648,0.1470601499999998
0.169189,0.16822226999999976
0.201416,0.1925535599999998
0.236328,0.2352269600000001
0.273926,0.27379161999999985
0.314209,0.3124902500000004
0.354492,0.3398827000000002
0.402832,0.38518791999999985
0.448486,0.4337961500000001
0.496826,0.5143626399999992
0.550537,0.5317112999999991
0.604248,0.5909277199999992
0.660645,0.63838161
0.719727,0.7261184600000002
0.781494,0.75947267
0.843262,0.8608521499999998
0.905029,0.8898826399999992
0.964111,1.0019772900000015
1.023193,1.0291281500000014
1.084961,1.1094264000000011
1.146729,1.1360403599999989
1.208496,1.2399974699999985
1.267578,1.2688133799999997
1.32666,1.3706224500000004
1.385742,1.3785447799999984
1.444824,1.4746068599999986
1.501221,1.5010865799999982
1.557617,1.5883129999999968
1.614014,1.611355209999998
1.667725,1.6860672799999992
1.721436,1.7146683799999998
1.780518,1.7854324700000006
1.836914,1.8074806
1.893311,1.9134791600000032
1.947021,1.9371652900000036
2.000732,2.0350266200000005
2.057129,2.057639130000002
2.105469,2.1388234
2.156494,2.162268040000001
2.210205,2.2625732900000015
2.266602,2.2789821900000025
2.317627,2.3590649099999963
2.368652,2.3804685399999976
2.422363,2.473952509999998
2.468018,2.4685011499999994
2.516357,2.5153098399999996
2.567383,2.563059210000003
2.621094,2.62359153
2.669434,2.6628273599999988
2.717773,2.7356052599999985
2.763428,2.7664087599999987
2.809082,2.8167626999999986
2.862793,2.8568310900000036
2.911133,2.898134860000003
2.956787,2.950126920000001
2.999756,2.9957276299999984
3.04541,3.046940920000001
3.096436,3.1060232600000006
3.14209,3.130676469999999
3.185059,3.1984865900000004
3.228027,3.212827089999999
3.273682,3.3050490200000024
3.319336,3.314206630000001
3.36499,3.36286854
3.402588,3.4116382799999987
3.445557,3.4509817000000025
3.491211,3.4941114600000014
3.53418,3.5293996499999967
3.574463,3.6467579099999976
3.614746,3.6069579300000036
3.6604,3.6523703699999976
3.700684,3.7001466800000027
3.738281,3.736669809999995
3.78125,3.8054735999999973
3.821533,3.8343700199999944
3.859131,3.8713501799999954
3.896729,3.892834779999996
3.939697,3.9497411100000064
3.977295,3.9733203900000063
4.014893,4.013764929999997
4.055176,4.052275530000003
4.092773,4.091000740000004
4.130371,4.131418320000005
4.165283,4.168666779999994
4.205566,4.203552039999994
4.240479,4.232556499999997
4.275391,4.264433930000004
4.315674,4.310893610000001
4.3479,4.339601799999998
4.382812,4.378434739999999
4.423096,4.417993189999996
4.455322,4.4460569500000044
4.487549,4.485266090000001
4.525146,4.525549030000003
4.557373,4.556755279999999
4.5896,4.605014920000003
4.624512,4.623169129999996
4.656738,4.66318338
4.69165,4.687621809999999
4.723877,4.716115780000003
4.756104,4.740608189999998
4.78833,4.798991729999994
4.817871,4.824692400000003
4.850098,4.850393350000001
4.879639,4.875073499999998
4.911865,4.912939419999999
4.944092,4.941889720000005
4.970947,4.975539420000007
5.003174,5.004113860000001
5.032715,5.031775049999997
5.062256,5.057690509999995
5.094482,5.101249750000006
5.121338,5.121257329999995
5.153564,5.158827840000004
5.18042,5.1770629700000095
5.209961,5.215493210000006
5.239502,5.242133790000004
5.266357,5.275085150000007
5.293213,5.2958715599999975
5.320068,5.321276579999999
5.344238,5.346950500000004
5.365723,5.368542719999999
5.389893,5.388147279999991
5.411377,5.410678760000001
5.432861,5.424294280000001
5.454346,5.457219389999993
5.47583,5.474728999999989
5.494629,5.497099629999993
5.516113,5.5165696500000045
5.534912,5.530507640000007
5.556396,5.548070980000005
5.57251,5.570227150000005
5.593994,5.5953099700000015
5.612793,5.615451630000004
5.634277,5.630866490000001
5.650391,5.6448585800000055
5.671875,5.665053780000002
5.690674,5.695803269999995
5.712158,5.711352419999996
5.730957,5.729372469999992
5.752441,5.7488425299999895
5.768555,5.773012809999994
5.790039,5.787433999999993
5.806152,5.807172679999995
5.827637,5.820976669999992
5.846436,5.847268389999995
5.862549,5.8626832399999955
5.884033,5.882153269999998
5.897461,5.895849610000006
5.918945,5.919750860000005
5.929688,5.929634070000007
5.951172,5.948083640000001
5.9646,5.965163890000006
5.980713,5.978296029999998
5.999512,5.992341479999993
6.012939,6.016752629999997
6.031738,6.023278560000005
6.045166,6.052390139999999
6.063965,6.058728130000005
6.082764,6.081018239999999
6.096191,6.097748929999992
6.112305,6.110639819999996
6.128418,6.129196910000003
6.141846,6.146841099999994
6.160645,6.154548650000001
6.174072,6.173239660000007
6.190186,6.185996330000003
6.208984,6.209843599999995
6.219727,6.222734669999999
6.23584,6.238230170000004
6.249268,6.253967569999999
6.26001,6.262910339999999
6.276123,6.275478519999996
6.286865,6.289147830000001
6.300293,6.300991200000003
6.316406,6.313854799999998
6.329834,6.32655757
6.340576,6.335768890000006
6.356689,6.358568990000001
6.372803,6.3653369499999926
6.38623,6.381557309999997
6.399658,6.402155539999999
6.415771,6.415529389999994
6.429199,6.43465063
6.445312,6.442680289999991
6.45874,6.4570213099999965
6.474854,6.468945510000003
6.488281,6.489704529999999
6.501709,6.502326660000001
6.515137,6.516828799999994
6.53125,6.531706599999998
6.544678,6.541750609999989
6.558105,6.563449469999998
6.574219,6.575024589999999
6.593018,6.589365509999999
6.609131,6.608540210000001
6.62793,6.621296639999998
6.649414,6.6522606499999934
6.665527,6.660209729999999
6.684326,6.685400260000005
6.705811,6.696008550000004
6.724609,6.719614119999996
6.746094,6.743166660000003
6.762207,6.766557629999997
6.781006,6.776574820000004
6.799805,6.799643809999997
6.818604,6.814495000000005
6.837402,6.841725900000001
6.856201,6.857140990000008
6.877686,6.8776321500000055
6.89917,6.8997877200000115
6.920654,6.916948050000011
6.944824,6.9334642100000075
6.966309,6.976460170000009
6.990479,6.992036430000008
7.014648,7.027082179999997
7.038818,7.039408849999996
7.062988,7.0688425400000074
7.084473,7.082780900000001
7.105957,7.127736809999991
7.127441,7.1253464599999905
7.148926,7.153410779999997
7.17041,7.17199455999999
7.191895,7.201267320000005
7.216064,7.213432379999998
7.24292,7.247028770000011
7.269775,7.258146729999996
7.296631,7.310354110000005
7.320801,7.320720359999998
7.344971,7.356250119999996
7.371826,7.369623960000008
7.390625,7.397795360000001
7.406738,7.403085750000008
7.41748,7.416755139999998
7.422852,7.419199380000005
7.425537,7.421992220000002
7.422852,7.4201394300000025
7.41748,7.412726739999994
7.409424,7.411491809999984
7.401367,7.401823620000003
7.390625,7.396747999999999
7.371826,7.362560980000009
7.350342,7.354987889999993
7.326172,7.3236206100000025
7.299316,7.313227309999993
7.264404,7.24528311000001
7.226807,7.232231670000007
7.183838,7.169738840000005
7.138184,7.14615994000001
7.089844,7.072602650000002
7.038818,7.050124289999997
6.982422,6.979360460000006
6.928711,6.9543311300000115
1.009766,1.0053347499999992
1.001709,0.9995068900000004
0.996338,0.9932764499999993
0.988281,0.9894090800000004
0.980225,0.9808962100000005
0.974854,0.9681935899999989
0.972168,0.97477297
0.972168,0.97501469
0.969482,0.9656954999999998
0.964111,0.9633054000000011
0.961426,0.9563233200000016
0.95874,0.9544431700000008
0.953369,0.956457419999999
0.947998,0.9534227999999991
0.942627,0.9421166199999997
0.93457,0.9373630399999988
0.929199,0.9297898399999986
0.923828,0.9271849099999997
0.918457,0.9194237100000002
0.915771,0.9176510600000012
0.913086,0.9134081100000015
0.9104,0.9106686199999997
0.9104,0.9096213299999997
0.907715,0.90672123
0.902344,0.9029078300000001
0.899658,0.9008128400000007
0.894287,0.8958446100000006
0.888916,0.8906347199999993
0.883545,0.8814770599999993
0.875488,0.87696514
0.870117,0.8721043599999987
0.867432,0.8716212799999989
0.864746,0.8670018799999981
0.864746,0.8665722299999982
0.862061,0.8613894299999987
0.859375,0.8583544600000002
0.856689,0.8565011800000015
0.854004,0.8546215700000016
0.851318,0.8513450300000011
0.848633,0.8489551600000008
0.843262,0.8434767700000001
0.835205,0.8367895300000008
0.829834,0.8353393700000001
0.644531,0.6444505400000005
0.641846,0.6425172800000005
0.644531,0.6440745800000005
0.641846,0.6426247200000006
0.644531,0.6445579700000005
0.647217,0.6475392099999998
0.652588,0.6518360100000009
0.652588,0.6529907800000008
0.655273,0.6553536600000004
0.655273,0.6553267900000005
0.657959,0.6568847599999994
0.657959,0.6570458399999994
0.655273,0.6549776900000005
0.652588,0.6538500600000006
0.652588,0.6533667100000007
0.652588,0.6532324500000007
0.655273,0.6543600800000007
0.655273,0.6551925800000005
0.657959,0.6596777399999992
0.66333,0.6627660300000006
0.666016,0.6658547499999995
0.666016,0.6659890199999994
0.668701,0.6677611399999992
0.668701,0.6678954199999992
0.668701,0.6680565699999991
0.668701,0.6680833999999991
0.666016,0.6655055899999998
0.66333,0.6645923200000002
0.66333,0.6640014400000003
0.66333,0.6637328500000005
0.666016,0.6668752499999994
0.668701,0.6700169499999997
0.674072,0.6727024400000005
0.674072,0.6746091400000005
0.676758,0.6770532699999999
0.679443,0.6788254399999998
0.679443,0.6791208199999998
0.679443,0.6791476599999997
0.679443,0.6785568999999998
0.676758,0.6772412400000001
0.674072,0.6747165500000007
0.674072,0.6746091600000007
0.676758,0.6770533000000001
0.679443,0.6790939399999997
0.679443,0.6800338399999998
0.684814,0.683337040000001
0.684814,0.685566100000001
0.6875,0.6870970700000001
0.690186,0.6898099199999987
0.690186,0.6901859099999988
0.692871,0.6916089499999987
0.690186,0.6901052899999989
0.6875,0.6873925499999999
0.684814,0.6859421000000006
0.684814,0.6856735200000008
0.6875,0.6867479200000004
0.690186,0.6902396099999989
0.690186,0.6907767599999987
0.695557,0.69491239
0.695557,0.696094
0.698242,0.6985912599999997
0.700928,0.7004176999999997
0.700928,0.7004982599999995
0.700928,0.7005788199999995
0.700928,0.7002833999999996
0.698242,0.6988060999999997
0.698242,0.6974633299999998
0.695557,0.69660423
0.695557,0.6967653600000001
0.698242,0.6988329699999999
0.700928,0.7021632899999998
0.706299,0.7045802700000005
0.706299,0.7070776700000008
0.708984,0.7092527100000003
0.71167,0.7118579099999994
0.714355,0.7129318199999993
0.71167,0.7116430799999995
0.71167,0.7113745499999995
0.708984,0.7088229800000004
0.708984,0.7084738700000007
0.706299,0.7069703100000008
0.706299,0.7067554700000009
0.708984,0.7096286100000004
0.71167,0.7109179499999998
0.714355,0.7145700299999994
0.717041,0.71636956
0.719727,0.72004911
0.722412,0.7217406899999999
0.722412,0.7220360899999999
0.722412,0.7215259099999999
0.722412,0.7211767799999999
0.719727,0.72034451
0.717041,0.7176318700000004
0.717041,0.7174975400000004
0.717041,0.7179541600000006
0.719727,0.7188137400000001
0.722412,0.7227343299999999
0.725098,0.7247755600000008
0.727783,0.7278099300000007
0.730469,0.7304151499999996
0.733154,0.7324827799999994
0.733154,0.7327244099999994
0.733154,0.7319993499999994
0.730469,0.7311939599999994
0.727783,0.7280515900000009
0.727783,0.7281053000000008
0.727783,0.728105310000001
0.727783,0.727890450000001
0.730469,0.7304151699999997
0.730469,0.7309791999999997
0.73584,0.7358130500000005
0.738525,0.7381222500000005
0.741211,0.7409961000000008
0.741211,0.7411304000000007
0.743896,0.7431441000000005
0.743896,0.7429024600000005
0.741211,0.7410498400000007
0.738525,0.7401095600000004
0.738525,0.7382028100000003
0.73584,0.7374780600000005
0.738525,0.7382297100000005
0.738525,0.7394381100000003
0.741211,0.7414258000000007
0.743896,0.7437886900000005
0.746582,0.7466625699999996
0.749268,0.7488918500000002
0.751953,0.7516307600000002
0.751953,0.7512280100000003
0.751953,0.7514965700000004
0.751953,0.7513354000000002
0.749268,0.7498318300000004
0.749268,0.7488112900000005
0.746582,0.7477099899999997
0.746582,0.7477368199999995
0.749268,0.7498586700000003
0.751953,0.7517651200000002
0.754639,0.754504629999999
0.757324,0.7563036299999988
0.757324,0.758747389999999
0.76001,0.7596875999999996
0.762695,0.7621311299999997
0.762695,0.7615403099999994
0.76001,0.7599293899999996
0.76001,0.7601978499999997
0.757324,0.7574583199999987
0.757324,0.7575658299999987
0.754639,0.7557399399999987
0.757324,0.7574583699999988
0.76001,0.7603321499999995
0.762695,0.7620506299999994
0.765381,0.7653003500000003
0.768066,0.76777071
0.770752,0.7709937000000011
0.770752,0.770698270000001
0.770752,0.7705908200000011
0.770752,0.7703760000000011
0.768066,0.7675828
0.765381,0.7654615200000002
0.765381,0.7656494900000002
0.765381,0.7654615200000002
0.765381,0.76634772
0.768066,0.7683884399999996
0.773438,0.7734647399999998
0.776123,0.775532249999999
0.776123,0.7772241099999991
0.778809,0.7785940499999998
0.781494,0.7806077999999995
0.781494,0.7801244199999995
0.778809,0.7778689199999995
0.776123,0.7767675799999988
0.776123,0.7757739899999989
0.773438,0.7741898399999991
0.773438,0.7741898699999992
0.773438,0.774404649999999
0.776123,0.7773047199999992
0.781494,0.7798827899999995
0.78418,0.7836159000000006
0.786865,0.7853880600000009
0.786865,0.7871605200000004
0.789551,0.7883692500000012
0.789551,0.7896852200000015
0.789551,0.7895509700000015
0.786865,0.7858714500000005
0.78418,0.7846900800000006
0.781494,0.7823534000000001
0.781494,0.7821385800000001
0.78418,0.7843410400000007
0.786865,0.7863816700000007
0.789551,0.7895241100000016
0.792236,0.7919138100000014
0.794922,0.7951098599999998
0.797607,0.7965329099999997
0.797607,0.7977144399999995
0.797607,0.7973653599999995
0.797607,0.7973116499999995
0.794922,0.79438484
0.792236,0.7919943700000013
0.789551,0.7903296900000014
0.789551,0.7904639600000014
0.792236,0.7918601100000013
0.794922,0.7955395199999998
0.797607,0.7972847899999996
0.800293,0.8000781200000001
0.802979,0.8033280199999989
0.805664,0.8053417599999988
0.805664,0.8053417999999988
0.805664,0.8055834699999987
0.805664,0.8055028999999986
0.802979,0.8021731999999993
0.800293,0.8007227600000003
0.800293,0.8001318400000003
0.797607,0.7988425699999999
0.800293,0.8004810200000003
0.802979,0.8035159699999989
0.805664,0.8056103399999986
0.80835,0.8077590799999996
0.811035,0.8110082299999998
0.813721,0.8135598000000003
0.813721,0.8141774900000004
0.813721,0.8142580500000004
0.813721,0.8126466700000005
0.811035,0.8114110899999999
0.80835,0.80837682
0.80835,0.8083230700000001
0.805664,0.806550369999999
0.80835,0.8077859399999996
0.811035,0.81095453
0.813721,0.8134524000000005
0.816406,0.8156542200000004
0.819092,0.8176954899999993
0.821777,0.8210788699999988
0.821777,0.8210520299999987
0.821777,0.8210788399999989
0.819092,0.8197095099999988
0.819092,0.8190919199999992
0.816406,0.8177219400000003
0.816406,0.8155199500000007
0.813721,0.8143117300000006
0.813721,0.8145265200000006
0.816406,0.8168089300000001
0.821777,0.8219919199999989
0.824463,0.8229320799999994
0.824463,0.8247314999999995
0.827148,0.8269869799999989
0.829834,0.8295654400000002
0.829834,0.8297534700000005
0.827148,0.8263692999999992
0.824463,0.8236840699999993
0.821777,0.8219112999999986
0.821777,0.8218575799999986
0.821777,0.8219381799999987
0.821777,0.8219381799999987
0.824463,0.8249999799999993
0.827148,0.827174919999999
0.829834,0.8297534200000004
0.83252,0.8321439600000012
0.835205,0.8355004500000007
0.835205,0.8355273400000006
0.837891,0.8373537999999998
0.835205,0.8359033900000005
0.83252,0.832358810000001
0.83252,0.8325468300000012
0.829834,0.8301026200000006
0.829834,0.8298877500000005
0.829834,0.8307472400000006
0.83252,0.8319559500000011
0.835205,0.8355004700000006
0.837891,0.8370314799999998
0.840576,0.8404687599999991
0.843262,0.8420802499999998
0.843262,0.8429128399999998
0.843262,0.8431276599999998
0.843262,0.8425904799999995
0.840576,0.8413280599999993
0.837891,0.8382131199999996
0.837891,0.8382131799999994
0.835205,0.8357958700000006
0.835205,0.8360376500000005
0.837891,0.8381325599999996
0.840576,0.8399046899999993
0.843262,0.8431813399999999
0.845947,0.8458934100000003
0.848633,0.8483375400000014
0.848633,0.8489283400000014
0.848633,0.8482569200000013
0.848633,0.8489014800000014
0.848633,0.8483375400000013
0.845947,0.84610832
0.843262,0.8433961999999997
0.840576,0.8416235199999993
0.843262,0.8430202099999998
0.845947,0.8459471300000001
0.848633,0.8486329600000013
0.851318,0.8498410900000013
0.851318,0.852150570000001
0.854004,0.853896540000002
0.856689,0.8558029700000017
0.856689,0.8561788400000016
0.854004,0.8547289900000018
0.854004,0.8538964900000018
0.854004,0.8533594000000018
0.851318,0.8509153200000011
0.848633,0.8485255500000012
0.848633,0.8489551900000012
0.851318,0.851935760000001
0.854004,0.8541113300000017
0.856689,0.8564474000000013
0.859375,0.8587035200000004
0.859375,0.8590259099999998
0.862061,0.8622220599999986
0.862061,0.8625711599999982
0.862061,0.8624369299999985
0.859375,0.8585423900000005
0.856689,0.857629110000001
0.856689,0.8566084900000015
0.854004,0.8551585700000018
0.856689,0.8563936500000016
0.856689,0.8573873500000012
0.859375,0.8586766800000004
0.862061,0.8618191499999988
0.864746,0.8644238799999984
0.867432,0.8661964899999987
0.867432,0.867646809999999
0.867432,0.8676736699999991
0.867432,0.8672976799999991
0.867432,0.8677273699999992
0.864746,0.8639405299999983
0.862061,0.8629471099999984
0.862061,0.8620878399999985
0.862061,0.8623563399999985
0.862061,0.8631887899999984
0.864746,0.8645849699999982
0.870117,0.8694725499999986
0.870117,0.8702244599999986
0.872803,0.8723195300000002
0.872803,0.8729909100000005
0.875488,0.8741991500000001
0.872803,0.8729372300000002
0.872803,0.8719435400000003
0.870117,0.8702782799999993
0.867432,0.8677542099999989
0.867432,0.8678347799999987
0.867432,0.8677810499999988
0.870117,0.8694994199999987
0.870117,0.8713792499999988
0.875488,0.87401107
0.875488,0.8759446100000003
0.878174,0.8765357000000007
0.878174,0.878335050000001
0.880859,0.8800802900000008
0.880859,0.8799997200000007
0.878174,0.8780933200000008
0.875488,0.87473619
0.872803,0.8732057100000005
0.872803,0.8728835
0.872803,0.8728566800000002
0.875488,0.8750584000000003
0.875488,0.8760788900000006
0.878174,0.8774757100000008
0.880859,0.8800802900000007
0.883545,0.883840269999999
0.88623,0.885129059999999
0.88623,0.8853438999999989
0.883545,0.883867169999999
0.883545,0.883813479999999
0.880859,0.8814230700000002
0.880859,0.8803757200000006
0.878174,0.8786304400000009
0.878174,0.8785767700000009
0.878174,0.8790332200000008
0.880859,0.8823898499999998
0.883545,0.8833031799999992
0.88623,0.886552439999999
0.888916,0.888110299999999
0.888916,0.8896680600000001
0.891602,0.8908230600000006
0.891602,0.8910379400000005
0.888916,0.8882982899999994
0.88623,0.8858004199999986
0.88623,0.8853976499999989
0.883545,0.883974569999999
0.883545,0.883840319999999
0.883545,0.8845116599999989
0.88623,0.8855856099999988
0.888916,0.8892383199999998
0.891602,0.8905813100000003
0.894287,0.8946630500000009
0.894287,0.8942601500000008
0.894287,0.8946630200000009
0.894287,0.8946092900000008
0.894287,0.8934546000000005
0.891602,0.8916018800000007
0.888916,0.8892383199999998
0.888916,0.8892920199999997
0.888916,0.88923832
0.888916,0.88942634
0.891602,0.8927298500000012
0.894287,0.8941796600000006
0.896973,0.8961672000000012
0.896973,0.8971609000000013
0.899658,0.9004368700000006
0.902344,0.9016993699999999
0.902344,0.9012159399999998
0.899658,0.9000877900000007
0.896973,0.8963015500000013
0.894287,0.8950390600000009
0.894287,0.8945018700000008
0.894287,0.8938305400000007
0.894287,0.894421330000001
0.896973,0.8963283600000014
0.899658,0.899738630000001
0.899658,0.899926630000001
0.902344,0.9028541199999995
0.905029,0.9044382699999994
0.905029,0.9047067999999993
0.905029,0.9048678999999993
0.905029,0.9038474699999997
0.902344,0.9028003799999997
0.899658,0.8996580900000012
0.896973,0.8986378700000012
0.899658,0.8995774900000012
0.899658,0.8994700400000013
0.899658,0.9002220300000009
0.902344,0.9028003699999997
0.905029,0.9054050699999994
0.907715,0.9068823199999996
0.9104,0.9102657299999994
0.9104,0.9100777999999995
0.9104,0.9101314499999995
0.9104,0.9091647999999996
0.907715,0.9068555299999997
0.905029,0.9058079299999996
0.902344,0.9026393299999995
0.902344,0.9028273099999994
0.905029,0.9051364899999993
0.905029,0.9056199399999992
0.907715,0.9082251199999998
0.9104,0.9101046299999996
0.913086,0.9135692600000017
0.915771,0.9148849300000017
0.915771,0.9154756700000017
0.915771,0.9154756700000017
0.913086,0.9133007700000019
0.913086,0.9129785200000016
0.9104,0.9102657699999994
0.907715,0.9083325099999997
0.907715,0.9073389299999997
0.907715,0.9075269499999997
0.9104,0.9107492199999997
0.913086,0.911984810000001
0.915771,0.9153682400000018
0.915771,0.9154756500000018
0.918457,0.91877931
0.918457,0.9186987299999998
0.918457,0.9177317800000003
0.918457,0.9177586400000003
0.915771,0.9159053500000016
0.915771,0.9160127900000014
0.913086,0.9130053900000018
0.913086,0.913381320000002
0.913086,0.9131396700000018
0.915771,0.9162544900000015
0.918457,0.9185913000000001
0.921143,0.9219753900000004
0.923828,0.9234521500000002
0.926514,0.925708219999999
0.923828,0.9239892200000002
0.921143,0.9218142800000004
0.921143,0.9205520500000006
0.918457,0.91899418
0.918457,0.9179466500000002
0.915771,0.9161201800000015
0.915771,0.9160933200000015
0.918457,0.9187793200000001
0.921143,0.9216263100000005
0.923828,0.92412349
0.926514,0.9260573899999989
0.926514,0.9262453299999988
0.929199,0.9288230899999984
0.929199,0.9288231299999983
0.929199,0.9286619899999984
0.926514,0.9253322899999991
0.923828,0.9243383499999999
0.921143,0.9208475200000007
0.923828,0.9235058700000002
0.923828,0.9245800699999998
0.926514,0.925815619999999
0.929199,0.9294408099999985
0.931885,0.9312672399999984
0.931885,0.9321534699999987
0.931885,0.9319655099999987
0.931885,0.9306763899999986
0.929199,0.9291722299999984
0.926514,0.9262453399999987
0.923828,0.9248486099999995
0.923828,0.9243920499999999
0.926514,0.9264870899999985
0.929199,0.9289304699999983
0.931885,0.9303810499999985
0.931885,0.9324488599999988
0.93457,0.9356711999999994
0.937256,0.9367993600000004
0.937256,0.9368531300000005
0.937256,0.9359936900000002
0.93457,0.9336838999999985
0.929199,0.9296556099999985
0.929199,0.9290110799999982
0.926514,0.9275880299999983
0.926514,0.9281788899999985
0.929199,0.9304344199999983
0.931885,0.9321803099999987
0.93457,0.9342209899999989
0.937256,0.9375781800000008
0.939941,0.9392160000000005
0.939941,0.9391892000000008
0.939941,0.9396456500000008
0.939941,0.9396188000000008
0.937256,0.9373901900000008
0.93457,0.9338181699999984
0.931885,0.9331470199999989
0.93457,0.9340867199999987
0.937256,0.9379272500000009
0.939941,0.9403976200000009
0.942627,0.9431371300000013
0.945312,0.9442648000000011
0.942627,0.9421435200000009
0.942627,0.9420629300000013
0.939941,0.9389744000000009
0.937256,0.9381152000000008
0.937256,0.937470790000001
0.939941,0.9402901900000008
0.942627,0.9420898000000012
0.942627,0.9431639700000012
0.945312,0.944318520000001
0.947998,0.9477294099999989
0.947998,0.9478905599999987
0.945312,0.9454195000000007
0.942627,0.9437548300000007
0.939941,0.9403170300000008
0.939941,0.9408542300000009
0.939941,0.9405050700000008
0.942627,0.9421703300000013
0.945312,0.9454195100000007
0.947998,0.9478636999999988
0.947998,0.9488842999999987
0.950684,0.9505765199999991
0.950684,0.950442219999999
0.947998,0.948830639999999
0.947998,0.9465477099999995
0.945312,0.9456075100000007
0.942627,0.9422778000000013
0.947998,0.9478099799999988
0.950684,0.9505764799999991
0.953369,0.951838379999999
0.953369,0.9528588299999992
0.953369,0.9529394499999991
0.950684,0.9509524599999992
0.950684,0.9508450199999992
0.947998,0.9478637099999987
0.950684,0.9509255899999991
0.953369,0.9526708899999992
0.956055,0.9555983800000014
0.956055,0.955437230000001
0.956055,0.9553835400000011
0.953369,0.9539599399999993
0.953369,0.9533153299999989
0.950684,0.9515432099999992
0.953369,0.953637669999999
0.956055,0.9565114600000016
0.95874,0.9581493100000015
0.95874,0.9581224500000015
0.956055,0.9565382700000015
0.953369,0.9540673399999993
0.953369,0.9533421599999988
0.956055,0.9564040500000016
0.95874,0.9593846500000014
0.95874,0.9588743000000015
0.961426,0.9606202200000018
0.95874,0.9594652100000016
0.956055,0.9566457000000017
0.95874,0.9591160500000013
0.961426,0.9605933500000015
0.964111,0.9628758300000017
0.961426,0.9617481800000018
0.961426,0.9612379400000017
0.95874,0.9593577500000018
0.95874,0.9589817400000016
0.961426,0.9608082500000017
0.964111,0.9640304700000015
0.964111,0.9640841800000015
0.964111,0.9642453100000016
0.964111,0.9641378800000016
0.961426,0.9613991100000018
0.964111,0.9640841600000016
0.964111,0.9642184700000014
0.966797,0.9667969999999998
0.966797,0.9668775499999999
0.966797,0.9658031800000004
0.964111,0.9640304600000016
0.966797,0.9670386499999998
0.966797,0.9670655099999997
0.966797,0.9668506999999998
0.966797,0.9670923499999998
0.964111,0.9641915800000015
0.966797,0.9671192199999997
0.969482,0.9695625999999994
0.969482,0.9697506399999996
0.969482,0.9686496499999996
0.969482,0.9700729199999995
0.969482,0.9701534999999994
0.972168,0.9714965
0.969482,0.9695089399999994
0.972168,0.9727320599999995
0.974854,0.9736990299999987
0.972168,0.9715502299999998
0.974854,0.974665959999998
0.972168,0.9721948599999998
0.974854,0.9749076499999981
0.974854,0.974880839999998
0.974854,0.9773514899999987
0.985596,0.9857033900000008
0.985596,0.9858107900000007
0.988281,0.9872607000000007
0.985596,0.9857033900000008
0.985596,0.9856497000000009
0.985596,0.9855422800000008
0.985596,0.9860256700000007
0.985596,0.9856765500000009
0.98291,0.9839843900000005
0.985596,0.9855960000000009
0.985596,0.9856765500000009
0.985596,0.9857571000000008
0.985596,0.9858645000000008
0.985596,0.985757080000001
0.985596,0.9855960000000009
0.985596,0.9856228500000008
0.985596,0.9858108000000009
0.985596,0.9856228500000008
0.985596,0.9855960000000009
0.985596,0.9854885600000008
0.985596,0.9857302500000009
0.985596,0.9852199600000009
0.985596,0.9856228500000008
0.985596,0.985569140000001
0.985596,0.9855960000000009
0.985596,0.9855960000000009
0.985596,0.985569140000001
0.985596,0.9855960000000009
0.985596,0.9858913500000008
0.985596,0.9856228500000008
0.985596,0.9856497000000009
0.985596,0.9861598500000008
0.985596,0.9857302300000008
0.985596,0.9856496900000009
0.985596,0.9855960000000009
0.985596,0.985649680000001
0.985596,0.9855154200000008
0.985596,0.9855960000000009
0.985596,0.9856497000000009
0.974854,0.9749076999999979
0.985596,0.9855422700000008
0.985596,0.9856765500000009
0.985596,0.9856497000000009
0.985596,0.9856497000000009
0.988281,0.9875291900000006
0.974854,0.975203049999998
0.985596,0.9855960000000009
0.985596,0.9851931000000007
0.985596,0.9855960000000009
0.985596,0.9855960000000009
0.985596,0.9855960000000009
0.985596,0.9853273800000008
0.985596,0.9855960000000009
0.985596,0.9854616500000009
0.974854,0.974934549999998
0.98291,0.9841455100000006
0.985596,0.9855960000000009
0.988281,0.9870996000000006
0.974854,0.974988239999998
0.985596,0.9859719000000008
0.974854,0.974934549999998
0.985596,0.9855960000000009
0.985596,0.9858376500000009
0.985596,0.9856228500000008
0.985596,0.9855960000000009
0.985596,0.9858376500000007
0.985596,0.9855960000000009
0.985596,0.9855960000000009
0.985596,0.9857034000000009
0.985596,0.9856497000000009
0.985596,0.9857302500000009
0.988281,0.9871801500000007
0.985596,0.9856228500000008
0.985596,0.9855960000000009
0.985596,0.9858645000000008
0.985596,0.9857570800000007
0.985596,0.985569140000001
0.985596,0.9855422600000007
0.985596,0.9856497000000009
0.985596,0.985569140000001
0.985596,0.985542260000001
0.985596,0.9848171700000008
0.98291,0.9833398100000007
0.985596,0.9855960000000009
0.985596,0.9857571000000008
0.974854,0.9750150699999981
0.974854,0.974880849999998
0.985596,0.9856497000000009
0.974854,0.9748002799999981
0.974854,0.974880839999998
0.985596,0.9856228500000008
0.985596,0.985569140000001
0.974854,0.974827139999998
0.985596,0.9857839500000009
0.974854,0.974853999999998
0.985596,0.9854885600000008
0.977539,0.9765992499999977
0.974854,0.974853999999998
0.985596,0.9855959800000009
0.977539,0.9768677499999977
0.974854,0.974880849999998
0.98291,0.9839844000000006
0.985596,0.9855959900000009
0.985596,0.9856496300000007
0.974854,0.974746549999998
0.985596,0.9855960000000009
0.985596,0.9854616800000008
0.974854,0.974880849999998
0.974854,0.9749076999999979
0.974854,0.975229859999998
0.974854,0.9748539899999981
0.985596,0.9853542500000008
0.977539,0.9773510399999976
0.974854,0.9747196999999982
0.974854,0.9744510999999981
0.977539,0.9767871599999978
0.974854,0.9748271299999981
0.974854,0.9748808199999981
0.977539,0.9769751199999978
0.974854,0.974827139999998
0.974854,0.9744510999999982
0.974854,0.9748539899999981
0.974854,0.9747196999999982
0.974854,0.974934549999998
0.974854,0.974934519999998
0.974854,0.9747196999999982
0.974854,0.9747196599999981
0.974854,0.974880829999998
0.974854,0.9747465599999982
0.972168,0.9732692299999992
0.974854,0.974827139999998
0.974854,0.9749076499999981
0.972168,0.9728126299999995
0.972168,0.9728394699999994
0.974854,0.974827119999998
0.972168,0.9731617999999992
0.972168,0.9724903099999996
0.974854,0.9748539899999981
0.974854,0.9746659699999982
0.974854,0.9744779399999983
0.974854,0.9747733999999981
0.974854,0.974853979999998
0.974854,0.9748002799999981
0.974854,0.9744242099999982
0.974854,0.9747196699999983
0.974854,0.9746122499999983
0.974854,0.9742899399999985
0.972168,0.9727320599999996
0.974854,0.9747734199999981
0.974854,0.9746659799999982
0.972168,0.9729469399999995
0.972168,0.9727589199999995
0.974854,0.9743436599999983
0.974854,0.9752835999999979
0.972168,0.9721679999999999
0.972168,0.9721948599999999
0.972168,0.9728932199999996
0.974854,0.9747734199999981
0.974854,0.9745048199999984
0.972168,0.9722485799999998
0.972168,0.9729469399999994
0.974854,0.9746928199999981
0.972168,0.9728932099999994
0.972168,0.9721679999999999
0.974854,0.9746928399999981
0.974854,0.9743973799999983
0.972168,0.9723022999999997
0.972168,0.9721679999999999
0.974854,0.9744779599999981
0.974854,0.974880839999998
0.974854,0.9745316799999983
0.972168,0.9730006599999994
0.972168,0.9722485799999998
0.972168,0.9721948599999999
0.974854,0.9745048199999983
0.974854,0.974880829999998
0.974854,0.974665979999998
0.972168,0.9723291599999997
0.972168,0.9721948599999999
0.972168,0.9723828799999998
0.974854,0.9747196899999981
0.974854,0.9747465499999981
0.974854,0.9745048199999984
0.972168,0.9722485799999998
0.972168,0.9721679999999999
0.972168,0.9723022999999997
0.974854,0.9745048199999983
0.977539,0.9766260799999977
0.974854,0.9745853899999983
0.974854,0.9741556399999984
0.972168,0.9721679999999999
0.972168,0.9726246199999996
0.974854,0.974853999999998
0.974854,0.9747465099999981
0.974854,0.9746928399999981
0.974854,0.9743973599999982
0.972168,0.9721679999999999
0.972168,0.9725440399999995
0.974854,0.974665959999998
0.974854,0.9741019199999985
0.972168,0.9730275099999993
0.972168,0.9721679999999999
0.972168,0.9723828799999998
0.974854,0.9746659599999983
0.974854,0.9748002599999981
0.972168,0.9723022999999997
0.972168,0.9721679999999999
0.972168,0.9723560199999999
0.974854,0.9745316599999984
0.974854,0.9744510799999982
0.974854,0.9743436699999982
0.972168,0.9717650999999999
0.972168,0.9718993999999997
0.974854,0.9746659299999982
0.977539,0.9767334599999978
0.974854,0.9747465099999981
0.974854,0.9746390999999983
0.972168,0.9722485799999998
0.972168,0.9716040399999999
0.972168,0.9728126399999993
0.972168,0.9722485799999998
0.972168,0.9720605699999997
0.972168,0.9718188899999997
0.966797,0.9681934399999997
0.964111,0.9641647600000016
0.961426,0.9627685800000017
0.961426,0.9606470800000018
0.961426,0.9613454200000018
0.961426,0.9612917000000017
0.95874,0.9593846400000016
0.95874,0.9591160400000017
0.95874,0.9592234800000017
0.95874,0.9579613500000015
0.956055,0.9555714600000011
0.953369,0.9522411699999991
0.947998,0.9491259499999987
0.939941,0.9404781900000009
0.937256,0.9371484900000004
0.931885,0.9321266399999986
0.929199,0.9297898799999983
0.929199,0.9288499899999982
0.926514,0.9273463499999984
0.923828,0.9232642500000001
0.921143,0.9222976500000003
0.921143,0.9207400800000003
0.918457,0.9180809600000002
0.915771,0.9151803800000016
0.913086,0.9130590600000016
0.907715,0.90645275
0.899658,0.9002757500000008
0.894287,0.8952806600000004
0.891602,0.8917092100000005
0.88623,0.8875460399999991
0.88623,0.8864717699999987
0.88623,0.885746709999999
0.883545,0.8834374399999991
0.880859,0.8818796100000001
0.880859,0.8810470600000003
0.878174,0.8782812700000007
0.875488,0.8768039900000002
0.872803,0.8732594500000002
0.867432,0.8707082599999991
0.862061,0.8604225499999996
0.856689,0.8569845400000012
0.851318,0.850834700000001
0.848633,0.8497070100000012
0.848633,0.8482031800000013
0.845947,0.8472092700000005
0.845947,0.8447923899999995
0.843262,0.8436378499999997
0.843262,0.8428859199999998
0.840576,0.8409789799999992
0.837891,0.8376491999999996
0.83252,0.833271850000001
0.827148,0.8266109899999993
0.821777,0.8218844799999987
0.816406,0.8160301200000005
0.813721,0.8142042800000007
0.80835,0.8088064500000001
0.80835,0.80872591
0.80835,0.8082156399999998
0.80835,0.8082156899999998
0.805664,0.806469799999999
0.805664,0.8060400499999989
0.805664,0.8053686399999986
0.805664,0.8055565999999987
0.802979,0.8011525299999995
0.797607,0.7984665699999993
0.794922,0.7954321299999998
0.792236,0.792961200000001
0.792236,0.7919406700000015
0.789551,0.7908398800000015
0.792236,0.7922360200000014
0.794922,0.7941162800000002
0.794922,0.7952173499999998
0.794922,0.7950025199999997
0.797607,0.7965329599999997
0.797607,0.7972579399999995
0.797607,0.7969357499999995
0.794922,0.7944116100000003
0.792236,0.7921286100000015
0.789551,0.7897120700000018
0.786865,0.7871067600000007
0.786865,0.7869993200000005
0.786865,0.7871604900000005
0.789551,0.7887183300000012
0.789551,0.7907324400000014
0.792236,0.7918064000000014
0.792236,0.7925046100000013
0.794922,0.7948413699999999
0.794922,0.7950293799999999
0.794922,0.7944385100000001
0.792236,0.7922092000000014
0.789551,0.7901148300000016
0.786865,0.7869993700000005
0.786865,0.7868113600000005
0.78418,0.7846901600000007
0.78418,0.7847170000000006
0.786865,0.7871067500000005
0.789551,0.7886377800000011
0.792236,0.7922360700000013
0.792236,0.7921823000000013
0.794922,0.7946533999999998
0.794922,0.7950561799999999
0.794922,0.7942236200000004
0.794922,0.7948414199999998
0.792236,0.7922360000000015
0.789551,0.7897657400000015
0.786865,0.7862474800000006
0.78418,0.7847975500000005
0.78418,0.7850123500000005
0.786865,0.7863817700000006
0.792236,0.7921554900000014
0.792236,0.7921286300000012
0.792236,0.7938742700000005
0.794922,0.7949756499999998
0.797607,0.7972042299999995
0.797607,0.7970162399999995
0.794922,0.7947608199999999
0.792236,0.7924777500000012
0.792236,0.7911082600000015
0.789551,0.7900342900000016
0.786865,0.7867039400000005
0.786865,0.7871873200000006
0.789551,0.7897389100000015
0.792236,0.792800090000001
0.797607,0.7967745599999997
0.797607,0.7965865499999997
0.797607,0.7983322399999996
0.800293,0.7999438400000001
0.800293,0.7999438200000003
0.797607,0.7982785199999997
0.794922,0.7955126899999998
0.792236,0.793122300000001
0.792236,0.7922360300000014
0.792236,0.7921554800000014
0.792236,0.7922629000000013
0.792236,0.7929342900000012
0.794922,0.7955932399999998
0.797607,0.7973116999999996
0.800293,0.8001587000000003
0.802979,0.8017703099999994
0.802979,0.8022537799999994
0.802979,0.8023343599999992
0.800293,0.8004273000000002
0.800293,0.8006690400000004
0.797607,0.7972847999999996
0.794922,0.7951098999999998
0.794922,0.7947876599999999
0.794922,0.7952173099999998
0.797607,0.7982785199999997
0.800293,0.8001318600000004
0.802979,0.8023612199999994
0.802979,0.803328019999999
0.805664,0.8051270599999989
0.80835,0.8075442499999997
0.805664,0.8060669199999989
0.805664,0.8058789199999992
0.805664,0.8049390099999988
0.800293,0.80123297
0.797607,0.7986008199999998
0.800293,0.8001049800000003
0.800293,0.8000244000000002
0.800293,0.8000781200000004
0.802979,0.8037308799999993
0.80835,0.8078665399999997
0.80835,0.8075441799999997
0.811035,0.8100414699999996
0.811035,0.8109813199999998
0.811035,0.8107665099999999
0.811035,0.8108470399999997
0.811035,0.8097997799999997
0.805664,0.8060400599999986
0.802979,0.803408589999999
0.802979,0.8038113699999988
0.805664,0.8053150099999989
0.805664,0.8060669399999987
0.80835,0.8091017699999997
0.811035,0.8106591099999999
0.813721,0.8136671800000006
0.816406,0.8161643900000004
0.816406,0.8156810400000005
0.816406,0.8157078900000007
0.813721,0.8143922400000007
0.813721,0.8143116800000005
0.811035,0.81100824
0.811035,0.8101489199999996
0.80835,0.8085110099999997
0.80835,0.8090749399999999
0.811035,0.8121362000000001
0.915771,0.9159858800000015
0.918457,0.9176780700000003
0.921143,0.9210087000000006
0.921143,0.9207400900000005
0.921143,0.9209549800000006
0.921143,0.9204446400000001
0.918457,0.9177049200000004
0.915771,0.9160396800000014
0.913086,0.9135156200000019
0.913086,0.9139721200000018
0.913086,0.913112850000002
0.913086,0.9138916200000017
0.915771,0.9163619300000012
0.918457,0.91907478
0.921143,0.9210892700000006
0.923828,0.9231299000000003
0.923828,0.9246337999999996
0.926514,0.9256814099999988
0.923828,0.9232372800000002
0.921143,0.9207132300000006
0.918457,0.9177586400000003
0.915771,0.9160396100000016
0.915771,0.9165768000000011
0.915771,0.9161739000000014
0.918457,0.9176512600000002
0.921143,0.9200954600000005
0.921143,0.9218679400000004
0.923828,0.9232373500000003
0.926514,0.9263796899999984
0.926514,0.9263259799999984
0.926514,0.9263796799999985
0.926514,0.9266213399999985
0.923828,0.9236670100000001
0.921143,0.9212503500000004
0.918457,0.9188867599999999
0.918457,0.9191553600000002
0.918457,0.9190210400000002
0.921143,0.9204983600000007
0.921143,0.9220291200000004
0.923828,0.9242577999999999
0.926514,0.9263528299999985
0.929199,0.9289842299999984
0.931885,0.9307569299999986
0.929199,0.9294407799999983
0.929199,0.9291990299999981
0.929199,0.9287962899999982
0.926514,0.9254397199999989
0.923828,0.9239892499999999
0.921143,0.9219485400000005
0.921143,0.9220022500000005
0.921143,0.9225393800000002
0.926514,0.9256814299999989
0.929199,0.9296824799999983
0.929199,0.9292527399999981
0.931885,0.9323951499999987
0.931885,0.9319923999999986
0.931885,0.9320192499999986
0.931885,0.9310254999999984
0.929199,0.9293870399999983
0.929199,0.9286888299999982
0.926514,0.9262453799999986
0.923828,0.9243115199999998
0.923828,0.9241235299999999
0.923828,0.9245263799999998
0.929199,0.9293870399999982
0.931885,0.9309180499999986
0.931885,0.9319655499999986
0.93457,0.9342746599999984
0.93457,0.9344357699999984
0.93457,0.9344089499999986
0.93457,0.9340329899999985
0.931885,0.9320728999999988
0.929199,0.9294138899999983
0.929199,0.9296556399999985
0.926514,0.9261916799999987
0.926514,0.9262453899999986
0.926514,0.9275343399999985
0.929199,0.9298167799999983
0.93457,0.9340866899999984
0.93457,0.9343820999999984
0.93457,0.9358860599999995
0.937256,0.9371753200000008
0.937256,0.937739290000001
0.937256,0.9369605200000006
0.93457,0.9349192499999986
0.931885,0.9329859399999988
0.931885,0.9319923699999987
0.929199,0.9297362099999983
0.929199,0.9293870499999983
0.929199,0.9290379199999983
0.931885,0.9321803399999987
0.93457,0.9345700599999986
0.937256,0.9367188000000003
0.939941,0.9388668900000006
0.939941,0.9392160400000009
0.939941,0.940612500000001
0.939941,0.9393234500000007
0.939941,0.9394576800000007
0.937256,0.9364233500000005
0.93457,0.9344089899999988
0.931885,0.9319386799999987
0.931885,0.9323145699999986
0.931885,0.9322877599999986
0.93457,0.9344358499999994
0.937256,0.9376318700000009
0.939941,0.9391354700000007
0.939941,0.9407468100000008
0.942627,0.9420629400000011
0.942627,0.9426269900000014
0.942627,0.9426001300000013
0.942627,0.942009210000001
0.937256,0.9378467000000009
0.93457,0.9348385899999987
0.93457,0.9349997899999986
0.93457,0.9351609099999993
0.93457,0.9349997699999991
0.937256,0.937336500000001
0.939941,0.9402633700000006
0.942627,0.9419823600000012
0.942627,0.9422241000000011
0.945312,0.9452046300000009
0.945312,0.945204610000001
0.945312,0.945016650000001
0.945312,0.9446139000000011
0.939941,0.9400753100000007
0.937256,0.9376587400000009
0.937256,0.937497630000001
0.937256,0.937363390000001
0.937256,0.9375513300000009
0.939941,0.9391086000000008
0.942627,0.9427880500000012
0.942627,0.9428417800000013
0.945312,0.9459297800000005
0.947998,0.947675679999999
0.947998,0.9474607999999992
0.945312,0.9459029300000005
0.945312,0.945097200000001
0.942627,0.9434593500000011
0.939941,0.9403976100000009
0.939941,0.9402364500000008
0.942627,0.9427074900000014
0.945312,0.9446139000000011
0.945312,0.9451240800000009
0.947998,0.9476488199999991
0.947998,0.9488843799999988
0.950684,0.9501467899999991
0.947998,0.9478905599999987
0.947998,0.9475951199999989
0.945312,0.944989800000001
0.942627,0.9434862100000012
0.942627,0.9423046300000011
0.945312,0.9456074600000008
0.947998,0.9472459199999993
0.947998,0.9488037999999988
0.950684,0.950012499999999
0.950684,0.9509525099999991
0.950684,0.9509256099999991
0.950684,0.9498513399999992
0.947998,0.948723219999999
0.945312,0.944828730000001
0.942627,0.9433519700000013
0.945312,0.944828720000001
0.945312,0.9457686200000006
0.947998,0.9475682399999991
0.947998,0.9487232199999989
0.950684,0.9501467999999992
0.953369,0.9533153299999988
0.953369,0.953395909999999
0.953369,0.9531810499999989
0.953369,0.9529393999999989
0.950684,0.9502005199999992
0.947998,0.948588919999999
0.945312,0.9457686200000006
0.945312,0.9455537800000008
0.945312,0.9456880500000006
0.947998,0.9471653399999995
0.950684,0.9502005199999989
0.950684,0.9501736599999989
0.953369,0.9534495799999989
0.956055,0.9561086900000016
0.956055,0.9562698000000016
0.956055,0.9553297700000012
0.953369,0.9535838799999989
0.953369,0.953637619999999
0.950684,0.9498244799999991
0.950684,0.9504422599999992
0.950684,0.9507108199999992
0.953369,0.953852489999999
0.956055,0.9559206700000016
0.956055,0.9563235000000015
0.956055,0.9563235000000015
0.956055,0.9562698100000016
0.956055,0.9564309000000015
0.956055,0.9550611800000007
0.950684,0.9507913599999992
0.953369,0.9538524799999998
0.956055,0.9552760600000008
0.956055,0.9565383100000017
0.95874,0.9589012800000014
0.95874,0.9591160600000015
0.95874,0.9590892000000015
0.95874,0.9578271000000015
0.956055,0.9566993900000016
0.953369,0.953825619999999
0.953369,0.9534764499999988
0.953369,0.9536644599999988
0.956055,0.9562697900000017
0.95874,0.9578539500000015
0.95874,0.9588743300000016
0.961426,0.9605128300000016
0.961426,0.9613185600000018
0.961426,0.960754510000002
0.961426,0.960969400000002
0.95874,0.9576659300000016
0.956055,0.9566994000000016
0.953369,0.9542552999999998
0.956055,0.9571290800000015
0.95874,0.9585252700000015
0.961426,0.9611036700000015
0.961426,0.9613722700000018
0.964111,0.9640036300000016
0.961426,0.9622046900000016
0.961426,0.9613454100000018
0.961426,0.9608082300000018
0.95874,0.9578270800000016
0.95874,0.9586863900000014
0.961426,0.9607545100000017
0.961426,0.9611037000000018
0.964111,0.9634666000000016
0.964111,0.9644601900000014
0.964111,0.9642991100000013
0.964111,0.9641647500000016
0.961426,0.9610768100000017
0.95874,0.9593040600000015
0.95874,0.9585252500000014
0.95874,0.9595995200000016
0.961426,0.9610768300000019
0.964111,0.9641379000000014
0.964111,0.9636814000000017
0.966797,0.9668775599999998
0.966797,0.9663403300000002
0.966797,0.9656420500000006
0.964111,0.9640036600000016
0.961426,0.9610768400000019
0.964111,0.9639767700000016
0.964111,0.9641647700000014
0.966797,0.9668506799999997
0.966797,0.9668507099999998
0.966797,0.9670923499999998
0.966797,0.9667701299999998
0.964111,0.9640842100000016
0.961426,0.9625001200000015
0.95874,0.9597606600000016
0.961426,0.9623389100000017
0.964111,0.9641110400000015
0.964111,0.9653465100000008
0.966797,0.9667164199999999
0.969482,0.9694820399999995
0.969482,0.9697505999999996
0.966797,0.9667969999999998
0.966797,0.9668506799999997
0.961426,0.9612379400000018
0.964111,0.9642453100000015
0.966797,0.9657226700000002
0.969482,0.9697774699999995
0.969482,0.9698311799999995
0.969482,0.9696163099999994
0.969482,0.9697774799999995
0.966797,0.9669312499999998
0.964111,0.9641648400000014
0.966797,0.9659375000000003
0.966797,0.9668237399999999
0.969482,0.9692940699999996
0.972168,0.9719531199999999
0.972168,0.9719262599999997
0.972168,0.9702881400000001
0.966797,0.9673340399999998
0.966797,0.9679517399999998
0.969482,0.9686764999999995
0.972168,0.97211428
0.972168,0.9719531299999998
0.972168,0.9720605599999999
0.972168,0.9722754399999998
0.969482,0.9683811599999995
0.966797,0.9673609399999998
0.969482,0.9701803699999997
0.972168,0.9714696499999996
0.972168,0.9721679999999999
0.972168,0.9721679999999999
0.972168,0.9722217199999997
0.969482,0.9696431899999997
0.972168,0.9721411399999998
0.972168,0.9729737999999992
0.972168,0.9723022999999997
0.972168,0.9723828799999997
0.972168,0.9715770799999999
0.972168,0.9722217199999997
0.974854,0.9742899299999985
0.972168,0.9731886299999992
0.972168,0.9724097399999997
0.972168,0.97214114
0.969482,0.9701534999999994
0.972168,0.9731349599999993
0.974854,0.9743705199999982
0.974854,0.9746927799999981
0.974854,0.9741287799999987
0.974854,0.9746122599999982
0.974854,0.9748271299999981
0.974854,0.9749076499999981
0.974854,0.9747196999999982
0.974854,0.9746928299999982
0.974854,0.9745853899999982
0.974854,0.974880839999998
0.974854,0.974961379999998
0.974854,0.9746122399999984
0.974854,0.975095619999998
0.977539,0.9764381099999979
0.974854,0.9754983899999979
0.977539,0.9774047499999976
0.977539,0.9775389999999976
0.977539,0.9775389999999976
0.977539,0.9775658599999977
0.977539,0.9775121499999976
0.977539,0.9775390099999975
0.977539,0.9775927199999976
0.977539,0.9775658599999977
0.977539,0.9775389999999976
0.977539,0.9775927199999976
0.977539,0.9775389999999976
0.977539,0.9775121499999976
0.977539,0.9775658599999976
0.977539,0.9775927199999979
0.977539,0.9786133999999993
0.980225,0.9797146600000005
0.980225,0.9802249900000009
0.980225,0.9801712200000006
0.980225,0.9801981200000008
0.980225,0.9802518300000007
0.977539,0.978532819999999
0.980225,0.9802250000000008
0.980225,0.9802786900000008
0.980225,0.9802250000000008
0.980225,0.9801712700000007
0.980225,0.9803592400000007
0.980225,0.9797415100000003
0.980225,0.9801981400000008
0.980225,0.9802787000000008
0.980225,0.9797415200000005
0.980225,0.9802249900000006
0.980225,0.9803055500000007
0.980225,0.9799026800000007
0.980225,0.9801981400000007
0.980225,0.9802250000000008
0.977539,0.9784790899999988
0.980225,0.9802249800000007
0.98291,0.9818091500000006
0.980225,0.9801175200000007
0.980225,0.9802250000000008
0.980225,0.9802786700000007
0.980225,0.9801981100000008
0.980225,0.9800906800000004
0.980225,0.9800638300000004
0.980225,0.9804666400000008
0.980225,0.9802518500000008
0.977539,0.9784522299999989
0.980225,0.9803323900000008
0.980225,0.9803055300000009
0.98291,0.9819702100000006
0.980225,0.9806546000000007
0.98291,0.9822387300000004
0.98291,0.9825340900000005
0.980225,0.9811379000000007
0.980225,0.9805203200000007
0.98291,0.9828294500000004
0.98291,0.9827757500000004
0.98291,0.9822656000000005
0.980225,0.9809499500000007
0.98291,0.9828831500000004
0.98291,0.9827757500000004
0.98291,0.9827757500000004
0.98291,0.9827220500000005
0.98291,0.9825072500000005
0.98291,0.9828831500000004
0.98291,0.9828294500000004
0.98291,0.9826683500000004
0.980225,0.9804666500000008
0.980225,0.9804129500000007
0.98291,0.9828563000000003
0.98291,0.9828026000000004
0.980225,0.9809768000000006
0.980225,0.9803592500000008
0.980225,0.9809231000000007
0.98291,0.9827489000000004
0.98291,0.9828026000000004
0.98291,0.9825878000000005
0.980225,0.9803592500000008
0.980225,0.9802787000000008
0.98291,0.9828831500000004
0.98291,0.9828026000000004
0.98291,0.9823730000000005
0.980225,0.9806277500000007
0.980225,0.9808694000000007
0.98291,0.9827489000000004
0.98291,0.9827757500000004
0.98291,0.9827757500000004
0.980225,0.9808425600000007
0.980225,0.9803324000000008
0.980225,0.9810573500000007
0.98291,0.9827757500000004
0.98291,0.9827757500000004
0.980225,0.9806814700000007
0.980225,0.9806009000000008
0.98291,0.9821044900000004
0.98291,0.9827489000000004
0.98291,0.9828831500000004
0.98291,0.9822119000000005
0.980225,0.9803860900000007
0.98291,0.9826146500000005
0.98291,0.9829100000000004
0.98291,0.9827220500000005
0.980225,0.9809231000000007
0.980225,0.9806546000000007
0.980225,0.9807083000000008
0.98291,0.9826146500000005
0.98291,0.9829100000000004
0.98291,0.9828294500000004
0.980225,0.9809231000000007
0.980225,0.9804935000000008
0.98291,0.9824267000000004
0.98291,0.9828563000000003
0.98291,0.9827220500000005
0.98291,0.9825609500000004
0.980225,0.9807351500000007
0.980225,0.9810305000000007
0.98291,0.9827489000000004
0.98291,0.9827489000000004
0.98291,0.9824804000000005
0.980225,0.9804666500000008
0.98291,0.9823193000000005
0.98291,0.9826952000000004
0.98291,0.9827220500000005
0.98291,0.9825877900000003
0.980225,0.9808962500000007
0.98291,0.9821313500000005
0.98291,0.9827757500000004
0.98291,0.9827757500000004
0.98291,0.9823998400000004
0.980225,0.9805740500000008
0.980225,0.9808962500000007
0.98291,0.9827757600000004
0.98291,0.9828831500000004
0.98291,0.9825878000000005
0.972168,0.9711742099999995
0.969482,0.9698580599999995
0.964111,0.9635740800000014
0.961426,0.9619898800000017
0.956055,0.9564040400000018
0.953369,0.9539330999999993
0.950684,0.9511673099999992
0.950684,0.9513821199999991
0.953369,0.9522680899999989
0.950684,0.9506301999999991
0.947998,0.9483203099999987
0.947998,0.9484008699999987
0.950684,0.9511135999999992
0.956055,0.9550344500000015
0.961426,0.9646753800000016
0.988281,0.9966331000000007
1.00708,1.014626310000001
1.028564,1.0308468900000007
1.05542,1.0511498499999996
1.087646,1.0857662400000014
1.125244,1.1091843599999995
1.165527,1.1782565799999987
1.208496,1.1928123499999983
1.256836,1.257077680000002
1.305176,1.2707740000000012
1.356201,1.3576512499999995
1.409912,1.3863329200000007
1.466309,1.456023149999998
1.528076,1.481535579999999
1.592529,1.6155979700000018
1.659668,1.6362230900000008
1.734863,1.7410667599999983
1.810059,1.782505119999998
1.885254,1.8836695800000016
1.957764,1.9254567799999993
2.032959,2.0339526900000022
2.100098,2.0617482800000015
2.161865,2.170217130000003
2.215576,2.1882103300000004
2.266602,2.2685622700000025
2.312256,2.289482559999999
2.349854,2.350444609999997
2.387451,2.3658057199999987
2.422363,2.4331321399999988
2.451904,2.4509641500000034
2.47876,2.4759131999999977
2.500244,2.4868700700000015
2.519043,2.519768140000003
2.532471,2.525944989999997
2.537842,2.531504040000004
2.540527,2.531530589999999
2.535156,2.52922111
2.5271,2.5234205599999995
2.513672,2.5083814500000035
2.500244,2.5010497400000027
2.484131,2.479807259999998
2.468018,2.4675344700000004
2.449219,2.45214614
2.433105,2.4376974400000027
2.416992,2.4208592699999976
2.400879,2.409096700000002
2.384766,2.377595500000004
2.365967,2.364731630000004
2.347168,2.3506323700000022
2.328369,2.328959860000003
2.30957,2.3061863000000007
2.293457,2.295524799999997
2.280029,2.2766184200000037
2.269287,2.272563349999998
2.255859,2.246244869999997
2.245117,2.2418675299999973
2.234375,2.2333276499999997
2.223633,2.222585590000003
2.212891,2.204834250000003
2.199463,2.1928566000000007
2.18335,2.182544199999998
2.167236,2.1696263700000005
2.153809,2.1514992599999987
2.140381,2.146369799999998
2.129639,2.123462099999999
2.118896,2.1162106900000026
2.11084,2.108745179999999
2.102783,2.1031591199999977
2.094727,2.0963381100000014
2.083984,2.0843601299999968
2.073242,2.079660539999997
2.059814,2.0586325099999985
2.046387,2.0564039400000014
2.032959,2.040290530000002
2.022217,2.0140528500000037
2.008789,2.0087084800000032
1.998047,1.9967578700000046
1.98999,1.9914134200000029
1.984619,1.9853709600000018
1.976562,1.976830750000001
1.968506,1.96850583
1.960449,1.962839190000002
1.949707,1.9469945999999982
1.938965,1.9435303199999985
1.925537,1.9261815999999987
1.914795,1.9140698599999981
1.901367,1.8932030399999968
1.893311,1.8988699100000002
1.882568,1.877573019999999
1.877197,1.8752903599999982
1.869141,1.8714504900000026
1.86377,1.8610843199999993
1.855713,1.8556324500000008
1.850342,1.8550685300000018
1.842285,1.8447558000000022
1.831543,1.8378003200000015
0.972168,0.9721411399999998
0.972168,0.9721679999999999
0.972168,0.9716576599999996
0.972168,0.97211428
0.969482,0.9703415199999996
0.972168,0.9716845199999998
0.969482,0.9702609399999994
0.972168,0.9721142799999999
0.972168,0.9721679999999999
0.972168,0.9717650999999999
0.972168,0.9715502199999997
0.972168,0.9716576599999998
0.969482,0.9696162999999994
0.969482,0.9702072199999996
0.972168,0.9719799799999999
0.969482,0.9696431599999995
0.972168,0.9716845199999998
0.972168,0.9715502199999999
0.969482,0.9696968899999996
0.969482,0.9697505999999995
0.972168,0.9721679999999999
0.969482,0.9699923399999993
0.969482,0.9695088599999994
0.969482,0.9696162999999994
0.972168,0.9720068399999999
0.969482,0.9700729199999997
0.969482,0.9695088599999994
0.969482,0.9695088699999994
0.969482,0.9700191999999995
0.972168,0.9716845199999997
0.969482,0.9695357199999993
0.969482,0.9695357199999993
0.972168,0.9716039399999997
0.972168,0.9721142799999999
0.969482,0.9702340799999996
0.969482,0.9695894399999994
0.969482,0.9697774599999994
0.972168,0.9719262599999997
0.972168,0.97173824
0.969482,0.9695357199999993
0.969482,0.9694819999999994
0.969482,0.9702609399999994
0.972168,0.9721679999999999
0.969482,0.9696162999999994
0.969482,0.9694820099999995
0.969482,0.9695088599999994
0.972168,0.9716576599999996
0.972168,0.9720874199999998
0.969482,0.9700191999999994
0.969482,0.9696162999999994
0.969482,0.9694551499999995
0.969482,0.9695088599999994
0.972168,0.97211428
0.969482,0.9695894399999995
0.969482,0.9694819999999994
0.969482,0.9694819999999994
0.969482,0.9696431599999994
0.972168,0.9721679999999999
0.969482,0.9695357199999993
0.969482,0.9694819999999994
0.969482,0.9695088599999994
0.972168,0.9718188199999999
0.972168,0.97214114
0.969482,0.9695357199999995
0.969482,0.9694819999999994
0.969482,0.9694820199999995
0.969482,0.9696431699999996
0.972168,0.9721679999999999
0.969482,0.9694819999999994
0.969482,0.9694819999999994
0.969482,0.9694551499999995
0.969482,0.9694819999999994
0.972168,0.9721679999999999
0.969482,0.9695088599999994
0.969482,0.9694819999999994
0.969482,0.9695088599999994
0.969482,0.9695625799999994
0.974854,0.9737795999999986
0.969482,0.9696700199999994
0.969482,0.9695357199999995
0.969482,0.9694819999999994
0.972168,0.9714964999999997
0.972168,0.97211428
0.969482,0.9698043199999996
0.969482,0.9695357199999993
0.969482,0.9695088599999994
0.972168,0.9715233599999997
0.972168,0.97173824
0.969482,0.9695894399999995
0.969482,0.9694820099999995
0.969482,0.9702877999999994
0.972168,0.97214114
0.969482,0.9696162999999994
0.969482,0.9694820099999995
0.969482,0.9695088599999994
0.972168,0.9716576599999996
0.972168,0.97171138
0.969482,0.9695894399999995
0.969482,0.9694819999999994
0.969482,0.9704758199999993
0.972168,0.9716845199999998
0.969482,0.9695625799999995
0.969482,0.9695088599999994
0.972168,0.9717919599999998
0.972168,0.9723560199999998
0.969482,0.9697774599999994
0.969482,0.9695088599999994
0.969482,0.9696700299999993
0.972168,0.9712278999999997
0.972168,0.9721679999999999
0.972168,0.9714427799999996
0.969482,0.9696968799999994
0.969482,0.9694551599999994
0.969482,0.9695088599999994
0.972168,0.9721679999999999
0.969482,0.9696162999999994
0.969482,0.9695088599999994
0.969482,0.9694820099999995
0.969482,0.9699117599999993
0.972168,0.9719799799999999
0.969482,0.9701266399999996
0.969482,0.9696968899999995
0.969482,0.9690792499999995
0.969482,0.9695357199999993
0.972168,0.9720336999999999
0.969482,0.9695625799999995
0.969482,0.9694014499999994
0.966797,0.9674950999999997
0.969482,0.9695625899999994
0.969482,0.9690792499999995
0.969482,0.9692135099999994
0.966797,0.9669043999999998
0.969482,0.9691329499999994
0.966797,0.9675756599999997
0.966797,0.9668506999999998
0.969482,0.9690792599999994
0.966797,0.9672534499999997
0.966797,0.9667969999999998
0.966797,0.9668506999999998
0.966797,0.9667969999999998
0.966797,0.9667969999999998
0.966797,0.9669043999999998
0.966797,0.9667969999999998
0.966797,0.9667969999999998
0.966797,0.9667969999999998
0.966797,0.9667969999999998
0.966797,0.9667969999999998
0.966797,0.9667969999999998
0.966797,0.9668238499999998
0.966797,0.9667969999999998
0.966797,0.9672802999999998
0.966797,0.9667969999999998
0.966797,0.9667969999999998
0.966797,0.9673071499999998
0.966797,0.9667969999999998
0.966797,0.9667969999999998
0.966797,0.9667969999999998
0.966797,0.9669043999999998
0.966797,0.9667969999999998
0.966797,0.9667969999999998
0.969482,0.9684348499999996
0.966797,0.9667969999999998
0.966797,0.9667969999999998
0.966797,0.9672534499999997
0.966797,0.9667969999999998
0.966797,0.9667969999999998
0.966797,0.9668775599999998
0.966797,0.9667969999999998
0.966797,0.9667969999999998
0.966797,0.9671460499999998
0.966797,0.9667969999999998
0.966797,0.9667969999999998
0.966797,0.9668506999999998
0.966797,0.9667969999999998
0.966797,0.9667969999999998
0.969482,0.9685691099999996
0.966797,0.9674145499999998
0.966797,0.9667969999999998
0.966797,0.9669043999999998
0.966797,0.9667969999999998
0.966797,0.9667969999999998
0.966797,0.9671729099999997
0.966797,0.9670386499999998
0.966797,0.9667969999999998
0.966797,0.9667969999999998
0.966797,0.9668238499999998
0.966797,0.9667969999999998
0.966797,0.9668238499999998
0.966797,0.9668238499999998
0.966797,0.9667969999999998
0.969482,0.9684616999999995
0.966797,0.9668506999999998
0.966797,0.9667969999999998
0.966797,0.9668238499999998
0.966797,0.9667969999999998
0.966797,0.9667969999999998
0.966797,0.9667969999999998
0.966797,0.9667969999999998
0.966797,0.9667969999999998
0.966797,0.9669043999999998
0.966797,0.9667969999999998
0.966797,0.9667969999999998
0.966797,0.9667969999999998
0.966797,0.9667969999999998
0.966797,0.9671192099999998
0.969482,0.9684885499999996
0.966797,0.9673340099999997
0.966797,0.9670386499999998
0.966797,0.9668506999999998
0.966797,0.9667969999999998
0.966797,0.9667969999999998
0.966797,0.9667969999999998
0.966797,0.9669043999999998
0.966797,0.9668238499999998
0.966797,0.9667432799999998
0.966797,0.9670117899999998
0.966797,0.9666626999999999
0.966797,0.9665284
0.964111,0.9651316800000009
